{
  "type": "FeatureCollection",
  "features": [
    {
      "type": "Feature",
      "geometry": {
        "type": "Polygon",
        "coordinates": [
          [
            [
              -85.0,
              23.0
            ],
            [
              -75.0,
              23.0
            ],
            [
              -75.0,
              27.0
            ],
            [
              -85.0,
              27.0
            ],
            [
              -85.0,
              23.0
            ]
          ]
        ]
      },
      "properties": {
        "region": "Bahamas & South Florida",
        "category": "Predicted currents (astronomical, no weather)",
        "provider": "Underlying FES2014 data: Copyright \u00a9 2014-ongoing Legos/Noveltis/Cnes/CLS. Derived database packaging: see repository license.",
        "description": "FES2014-derived tidal current database generated by signalk-router-data scripts (https://github.com/marcelrv/signalk-router-data). The underlying FES2014 model is produced by Noveltis, Legos and CLS and distributed by AVISO+. This derived dataset is NOT endorsed by, affiliated with, or supported by AVISO, CNES, or any FES2014 copyright owner. To download or review the raw global FES2014 dataset, visit AVISO+ at: https://www.aviso.altimetry.fr/en/data/products/auxiliary-products/global-tide-fes.html",
        "info_url": "https://www.aviso.altimetry.fr/en/data/products/auxiliary-products/global-tide-fes.html",
        "stroke": "#f59e0b",
        "stroke-width": 1,
        "stroke-opacity": 0.7,
        "fill": "#f59e0b",
        "fill-opacity": 0.1
      }
    },
    {
      "type": "Feature",
      "geometry": {
        "type": "Polygon",
        "coordinates": [
          [
            [
              -85.0,
              10.0
            ],
            [
              -60.0,
              10.0
            ],
            [
              -60.0,
              23.0
            ],
            [
              -85.0,
              23.0
            ],
            [
              -85.0,
              10.0
            ]
          ]
        ]
      },
      "properties": {
        "region": "Caribbean & Greater Antilles",
        "category": "Predicted currents (astronomical, no weather)",
        "provider": "Underlying FES2014 data: Copyright \u00a9 2014-ongoing Legos/Noveltis/Cnes/CLS. Derived database packaging: see repository license.",
        "description": "FES2014-derived tidal current database generated by signalk-router-data scripts (https://github.com/marcelrv/signalk-router-data). The underlying FES2014 model is produced by Noveltis, Legos and CLS and distributed by AVISO+. This derived dataset is NOT endorsed by, affiliated with, or supported by AVISO, CNES, or any FES2014 copyright owner. To download or review the raw global FES2014 dataset, visit AVISO+ at: https://www.aviso.altimetry.fr/en/data/products/auxiliary-products/global-tide-fes.html",
        "info_url": "https://www.aviso.altimetry.fr/en/data/products/auxiliary-products/global-tide-fes.html",
        "stroke": "#f59e0b",
        "stroke-width": 1,
        "stroke-opacity": 0.7,
        "fill": "#f59e0b",
        "fill-opacity": 0.1
      }
    },
    {
      "type": "Feature",
      "geometry": {
        "type": "Polygon",
        "coordinates": [
          [
            [
              -65.0,
              10.0
            ],
            [
              -58.0,
              10.0
            ],
            [
              -58.0,
              16.0
            ],
            [
              -65.0,
              16.0
            ],
            [
              -65.0,
              10.0
            ]
          ]
        ]
      },
      "properties": {
        "region": "Lesser Antilles & Windward [coarse]",
        "category": "Predicted currents (astronomical, no weather)",
        "provider": "Underlying FES2014 data: Copyright \u00a9 2014-ongoing Legos/Noveltis/Cnes/CLS. Derived database packaging: see repository license.",
        "description": "FES2014-derived tidal current database generated by signalk-router-data scripts (https://github.com/marcelrv/signalk-router-data). The underlying FES2014 model is produced by Noveltis, Legos and CLS and distributed by AVISO+. This derived dataset is NOT endorsed by, affiliated with, or supported by AVISO, CNES, or any FES2014 copyright owner. To download or review the raw global FES2014 dataset, visit AVISO+ at: https://www.aviso.altimetry.fr/en/data/products/auxiliary-products/global-tide-fes.html",
        "info_url": "https://www.aviso.altimetry.fr/en/data/products/auxiliary-products/global-tide-fes.html",
        "stroke": "#f59e0b",
        "stroke-width": 1,
        "stroke-opacity": 0.7,
        "fill": "#f59e0b",
        "fill-opacity": 0.1
      }
    },
    {
      "type": "Feature",
      "geometry": {
        "type": "Polygon",
        "coordinates": [
          [
            [
              -30.0,
              -10.0
            ],
            [
              -10.0,
              -10.0
            ],
            [
              -10.0,
              10.0
            ],
            [
              -30.0,
              10.0
            ],
            [
              -30.0,
              -10.0
            ]
          ]
        ]
      },
      "properties": {
        "region": "Equatorial East Atlantic [coarse]",
        "category": "Predicted currents (astronomical, no weather)",
        "provider": "Underlying FES2014 data: Copyright \u00a9 2014-ongoing Legos/Noveltis/Cnes/CLS. Derived database packaging: see repository license.",
        "description": "FES2014-derived tidal current database generated by signalk-router-data scripts (https://github.com/marcelrv/signalk-router-data). The underlying FES2014 model is produced by Noveltis, Legos and CLS and distributed by AVISO+. This derived dataset is NOT endorsed by, affiliated with, or supported by AVISO, CNES, or any FES2014 copyright owner. To download or review the raw global FES2014 dataset, visit AVISO+ at: https://www.aviso.altimetry.fr/en/data/products/auxiliary-products/global-tide-fes.html",
        "info_url": "https://www.aviso.altimetry.fr/en/data/products/auxiliary-products/global-tide-fes.html",
        "stroke": "#f59e0b",
        "stroke-width": 1,
        "stroke-opacity": 0.7,
        "fill": "#f59e0b",
        "fill-opacity": 0.1
      }
    },
    {
      "type": "Feature",
      "geometry": {
        "type": "Polygon",
        "coordinates": [
          [
            [
              -50.0,
              -10.0
            ],
            [
              -30.0,
              -10.0
            ],
            [
              -30.0,
              10.0
            ],
            [
              -50.0,
              10.0
            ],
            [
              -50.0,
              -10.0
            ]
          ]
        ]
      },
      "properties": {
        "region": "Equatorial West Atlantic [coarse]",
        "category": "Predicted currents (astronomical, no weather)",
        "provider": "Underlying FES2014 data: Copyright \u00a9 2014-ongoing Legos/Noveltis/Cnes/CLS. Derived database packaging: see repository license.",
        "description": "FES2014-derived tidal current database generated by signalk-router-data scripts (https://github.com/marcelrv/signalk-router-data). The underlying FES2014 model is produced by Noveltis, Legos and CLS and distributed by AVISO+. This derived dataset is NOT endorsed by, affiliated with, or supported by AVISO, CNES, or any FES2014 copyright owner. To download or review the raw global FES2014 dataset, visit AVISO+ at: https://www.aviso.altimetry.fr/en/data/products/auxiliary-products/global-tide-fes.html",
        "info_url": "https://www.aviso.altimetry.fr/en/data/products/auxiliary-products/global-tide-fes.html",
        "stroke": "#f59e0b",
        "stroke-width": 1,
        "stroke-opacity": 0.7,
        "fill": "#f59e0b",
        "fill-opacity": 0.1
      }
    },
    {
      "type": "Feature",
      "geometry": {
        "type": "Polygon",
        "coordinates": [
          [
            [
              -100.0,
              20.0
            ],
            [
              -80.0,
              20.0
            ],
            [
              -80.0,
              30.0
            ],
            [
              -100.0,
              30.0
            ],
            [
              -100.0,
              20.0
            ]
          ]
        ]
      },
      "properties": {
        "region": "Gulf of Mexico",
        "category": "Predicted currents (astronomical, no weather)",
        "provider": "Underlying FES2014 data: Copyright \u00a9 2014-ongoing Legos/Noveltis/Cnes/CLS. Derived database packaging: see repository license.",
        "description": "FES2014-derived tidal current database generated by signalk-router-data scripts (https://github.com/marcelrv/signalk-router-data). The underlying FES2014 model is produced by Noveltis, Legos and CLS and distributed by AVISO+. This derived dataset is NOT endorsed by, affiliated with, or supported by AVISO, CNES, or any FES2014 copyright owner. To download or review the raw global FES2014 dataset, visit AVISO+ at: https://www.aviso.altimetry.fr/en/data/products/auxiliary-products/global-tide-fes.html",
        "info_url": "https://www.aviso.altimetry.fr/en/data/products/auxiliary-products/global-tide-fes.html",
        "stroke": "#f59e0b",
        "stroke-width": 1,
        "stroke-opacity": 0.7,
        "fill": "#f59e0b",
        "fill-opacity": 0.1
      }
    },
    {
      "type": "Feature",
      "geometry": {
        "type": "Polygon",
        "coordinates": [
          [
            [
              -85.0,
              25.0
            ],
            [
              -70.0,
              25.0
            ],
            [
              -70.0,
              45.0
            ],
            [
              -85.0,
              45.0
            ],
            [
              -85.0,
              25.0
            ]
          ]
        ]
      },
      "properties": {
        "region": "US East Coast",
        "category": "Predicted currents (astronomical, no weather)",
        "provider": "Underlying FES2014 data: Copyright \u00a9 2014-ongoing Legos/Noveltis/Cnes/CLS. Derived database packaging: see repository license.",
        "description": "FES2014-derived tidal current database generated by signalk-router-data scripts (https://github.com/marcelrv/signalk-router-data). The underlying FES2014 model is produced by Noveltis, Legos and CLS and distributed by AVISO+. This derived dataset is NOT endorsed by, affiliated with, or supported by AVISO, CNES, or any FES2014 copyright owner. To download or review the raw global FES2014 dataset, visit AVISO+ at: https://www.aviso.altimetry.fr/en/data/products/auxiliary-products/global-tide-fes.html",
        "info_url": "https://www.aviso.altimetry.fr/en/data/products/auxiliary-products/global-tide-fes.html",
        "stroke": "#f59e0b",
        "stroke-width": 1,
        "stroke-opacity": 0.7,
        "fill": "#f59e0b",
        "fill-opacity": 0.1
      }
    },
    {
      "type": "Feature",
      "geometry": {
        "type": "Polygon",
        "coordinates": [
          [
            [
              -35.0,
              15.0
            ],
            [
              -10.0,
              15.0
            ],
            [
              -10.0,
              42.0
            ],
            [
              -35.0,
              42.0
            ],
            [
              -35.0,
              15.0
            ]
          ]
        ]
      },
      "properties": {
        "region": "Azores & Mid-Atlantic Islands [coarse]",
        "category": "Predicted currents (astronomical, no weather)",
        "provider": "Underlying FES2014 data: Copyright \u00a9 2014-ongoing Legos/Noveltis/Cnes/CLS. Derived database packaging: see repository license.",
        "description": "FES2014-derived tidal current database generated by signalk-router-data scripts (https://github.com/marcelrv/signalk-router-data). The underlying FES2014 model is produced by Noveltis, Legos and CLS and distributed by AVISO+. This derived dataset is NOT endorsed by, affiliated with, or supported by AVISO, CNES, or any FES2014 copyright owner. To download or review the raw global FES2014 dataset, visit AVISO+ at: https://www.aviso.altimetry.fr/en/data/products/auxiliary-products/global-tide-fes.html",
        "info_url": "https://www.aviso.altimetry.fr/en/data/products/auxiliary-products/global-tide-fes.html",
        "stroke": "#f59e0b",
        "stroke-width": 1,
        "stroke-opacity": 0.7,
        "fill": "#f59e0b",
        "fill-opacity": 0.1
      }
    },
    {
      "type": "Feature",
      "geometry": {
        "type": "Polygon",
        "coordinates": [
          [
            [
              -10.0,
              42.0
            ],
            [
              0.0,
              42.0
            ],
            [
              0.0,
              49.0
            ],
            [
              -10.0,
              49.0
            ],
            [
              -10.0,
              42.0
            ]
          ]
        ]
      },
      "properties": {
        "region": "Bay of Biscay [coarse]",
        "category": "Predicted currents (astronomical, no weather)",
        "provider": "Underlying FES2014 data: Copyright \u00a9 2014-ongoing Legos/Noveltis/Cnes/CLS. Derived database packaging: see repository license.",
        "description": "FES2014-derived tidal current database generated by signalk-router-data scripts (https://github.com/marcelrv/signalk-router-data). The underlying FES2014 model is produced by Noveltis, Legos and CLS and distributed by AVISO+. This derived dataset is NOT endorsed by, affiliated with, or supported by AVISO, CNES, or any FES2014 copyright owner. To download or review the raw global FES2014 dataset, visit AVISO+ at: https://www.aviso.altimetry.fr/en/data/products/auxiliary-products/global-tide-fes.html",
        "info_url": "https://www.aviso.altimetry.fr/en/data/products/auxiliary-products/global-tide-fes.html",
        "stroke": "#f59e0b",
        "stroke-width": 1,
        "stroke-opacity": 0.7,
        "fill": "#f59e0b",
        "fill-opacity": 0.1
      }
    },
    {
      "type": "Feature",
      "geometry": {
        "type": "Polygon",
        "coordinates": [
          [
            [
              -10.0,
              50.0
            ],
            [
              2.0,
              50.0
            ],
            [
              2.0,
              58.0
            ],
            [
              -10.0,
              58.0
            ],
            [
              -10.0,
              50.0
            ]
          ]
        ]
      },
      "properties": {
        "region": "British Isles & English Channel",
        "category": "Predicted currents (astronomical, no weather)",
        "provider": "Underlying FES2014 data: Copyright \u00a9 2014-ongoing Legos/Noveltis/Cnes/CLS. Derived database packaging: see repository license.",
        "description": "FES2014-derived tidal current database generated by signalk-router-data scripts (https://github.com/marcelrv/signalk-router-data). The underlying FES2014 model is produced by Noveltis, Legos and CLS and distributed by AVISO+. This derived dataset is NOT endorsed by, affiliated with, or supported by AVISO, CNES, or any FES2014 copyright owner. To download or review the raw global FES2014 dataset, visit AVISO+ at: https://www.aviso.altimetry.fr/en/data/products/auxiliary-products/global-tide-fes.html",
        "info_url": "https://www.aviso.altimetry.fr/en/data/products/auxiliary-products/global-tide-fes.html",
        "stroke": "#f59e0b",
        "stroke-width": 1,
        "stroke-opacity": 0.7,
        "fill": "#f59e0b",
        "fill-opacity": 0.1
      }
    },
    {
      "type": "Feature",
      "geometry": {
        "type": "Polygon",
        "coordinates": [
          [
            [
              -72.0,
              41.0
            ],
            [
              -50.0,
              41.0
            ],
            [
              -50.0,
              52.0
            ],
            [
              -72.0,
              52.0
            ],
            [
              -72.0,
              41.0
            ]
          ]
        ]
      },
      "properties": {
        "region": "Nova Scotia & Newfoundland [coarse]",
        "category": "Predicted currents (astronomical, no weather)",
        "provider": "Underlying FES2014 data: Copyright \u00a9 2014-ongoing Legos/Noveltis/Cnes/CLS. Derived database packaging: see repository license.",
        "description": "FES2014-derived tidal current database generated by signalk-router-data scripts (https://github.com/marcelrv/signalk-router-data). The underlying FES2014 model is produced by Noveltis, Legos and CLS and distributed by AVISO+. This derived dataset is NOT endorsed by, affiliated with, or supported by AVISO, CNES, or any FES2014 copyright owner. To download or review the raw global FES2014 dataset, visit AVISO+ at: https://www.aviso.altimetry.fr/en/data/products/auxiliary-products/global-tide-fes.html",
        "info_url": "https://www.aviso.altimetry.fr/en/data/products/auxiliary-products/global-tide-fes.html",
        "stroke": "#f59e0b",
        "stroke-width": 1,
        "stroke-opacity": 0.7,
        "fill": "#f59e0b",
        "fill-opacity": 0.1
      }
    },
    {
      "type": "Feature",
      "geometry": {
        "type": "Polygon",
        "coordinates": [
          [
            [
              -35.0,
              30.0
            ],
            [
              -20.0,
              30.0
            ],
            [
              -20.0,
              45.0
            ],
            [
              -35.0,
              45.0
            ],
            [
              -35.0,
              30.0
            ]
          ]
        ]
      },
      "properties": {
        "region": "Central NE Atlantic [coarse]",
        "category": "Predicted currents (astronomical, no weather)",
        "provider": "Underlying FES2014 data: Copyright \u00a9 2014-ongoing Legos/Noveltis/Cnes/CLS. Derived database packaging: see repository license.",
        "description": "FES2014-derived tidal current database generated by signalk-router-data scripts (https://github.com/marcelrv/signalk-router-data). The underlying FES2014 model is produced by Noveltis, Legos and CLS and distributed by AVISO+. This derived dataset is NOT endorsed by, affiliated with, or supported by AVISO, CNES, or any FES2014 copyright owner. To download or review the raw global FES2014 dataset, visit AVISO+ at: https://www.aviso.altimetry.fr/en/data/products/auxiliary-products/global-tide-fes.html",
        "info_url": "https://www.aviso.altimetry.fr/en/data/products/auxiliary-products/global-tide-fes.html",
        "stroke": "#f59e0b",
        "stroke-width": 1,
        "stroke-opacity": 0.7,
        "fill": "#f59e0b",
        "fill-opacity": 0.1
      }
    },
    {
      "type": "Feature",
      "geometry": {
        "type": "Polygon",
        "coordinates": [
          [
            [
              -50.0,
              30.0
            ],
            [
              -35.0,
              30.0
            ],
            [
              -35.0,
              45.0
            ],
            [
              -50.0,
              45.0
            ],
            [
              -50.0,
              30.0
            ]
          ]
        ]
      },
      "properties": {
        "region": "Central NW Atlantic [coarse]",
        "category": "Predicted currents (astronomical, no weather)",
        "provider": "Underlying FES2014 data: Copyright \u00a9 2014-ongoing Legos/Noveltis/Cnes/CLS. Derived database packaging: see repository license.",
        "description": "FES2014-derived tidal current database generated by signalk-router-data scripts (https://github.com/marcelrv/signalk-router-data). The underlying FES2014 model is produced by Noveltis, Legos and CLS and distributed by AVISO+. This derived dataset is NOT endorsed by, affiliated with, or supported by AVISO, CNES, or any FES2014 copyright owner. To download or review the raw global FES2014 dataset, visit AVISO+ at: https://www.aviso.altimetry.fr/en/data/products/auxiliary-products/global-tide-fes.html",
        "info_url": "https://www.aviso.altimetry.fr/en/data/products/auxiliary-products/global-tide-fes.html",
        "stroke": "#f59e0b",
        "stroke-width": 1,
        "stroke-opacity": 0.7,
        "fill": "#f59e0b",
        "fill-opacity": 0.1
      }
    },
    {
      "type": "Feature",
      "geometry": {
        "type": "Polygon",
        "coordinates": [
          [
            [
              -10.0,
              35.0
            ],
            [
              0.0,
              35.0
            ],
            [
              0.0,
              42.0
            ],
            [
              -10.0,
              42.0
            ],
            [
              -10.0,
              35.0
            ]
          ]
        ]
      },
      "properties": {
        "region": "Iberian Peninsula & Gibraltar",
        "category": "Predicted currents (astronomical, no weather)",
        "provider": "Underlying FES2014 data: Copyright \u00a9 2014-ongoing Legos/Noveltis/Cnes/CLS. Derived database packaging: see repository license.",
        "description": "FES2014-derived tidal current database generated by signalk-router-data scripts (https://github.com/marcelrv/signalk-router-data). The underlying FES2014 model is produced by Noveltis, Legos and CLS and distributed by AVISO+. This derived dataset is NOT endorsed by, affiliated with, or supported by AVISO, CNES, or any FES2014 copyright owner. To download or review the raw global FES2014 dataset, visit AVISO+ at: https://www.aviso.altimetry.fr/en/data/products/auxiliary-products/global-tide-fes.html",
        "info_url": "https://www.aviso.altimetry.fr/en/data/products/auxiliary-products/global-tide-fes.html",
        "stroke": "#f59e0b",
        "stroke-width": 1,
        "stroke-opacity": 0.7,
        "fill": "#f59e0b",
        "fill-opacity": 0.1
      }
    },
    {
      "type": "Feature",
      "geometry": {
        "type": "Polygon",
        "coordinates": [
          [
            [
              -68.0,
              52.0
            ],
            [
              -45.0,
              52.0
            ],
            [
              -45.0,
              65.0
            ],
            [
              -68.0,
              65.0
            ],
            [
              -68.0,
              52.0
            ]
          ]
        ]
      },
      "properties": {
        "region": "Labrador & Hudson Strait [coarse]",
        "category": "Predicted currents (astronomical, no weather)",
        "provider": "Underlying FES2014 data: Copyright \u00a9 2014-ongoing Legos/Noveltis/Cnes/CLS. Derived database packaging: see repository license.",
        "description": "FES2014-derived tidal current database generated by signalk-router-data scripts (https://github.com/marcelrv/signalk-router-data). The underlying FES2014 model is produced by Noveltis, Legos and CLS and distributed by AVISO+. This derived dataset is NOT endorsed by, affiliated with, or supported by AVISO, CNES, or any FES2014 copyright owner. To download or review the raw global FES2014 dataset, visit AVISO+ at: https://www.aviso.altimetry.fr/en/data/products/auxiliary-products/global-tide-fes.html",
        "info_url": "https://www.aviso.altimetry.fr/en/data/products/auxiliary-products/global-tide-fes.html",
        "stroke": "#f59e0b",
        "stroke-width": 1,
        "stroke-opacity": 0.7,
        "fill": "#f59e0b",
        "fill-opacity": 0.1
      }
    },
    {
      "type": "Feature",
      "geometry": {
        "type": "Polygon",
        "coordinates": [
          [
            [
              0.0,
              50.0
            ],
            [
              15.0,
              50.0
            ],
            [
              15.0,
              60.0
            ],
            [
              0.0,
              60.0
            ],
            [
              0.0,
              50.0
            ]
          ]
        ]
      },
      "properties": {
        "region": "North Sea & Skagerrak",
        "category": "Predicted currents (astronomical, no weather)",
        "provider": "Underlying FES2014 data: Copyright \u00a9 2014-ongoing Legos/Noveltis/Cnes/CLS. Derived database packaging: see repository license.",
        "description": "FES2014-derived tidal current database generated by signalk-router-data scripts (https://github.com/marcelrv/signalk-router-data). The underlying FES2014 model is produced by Noveltis, Legos and CLS and distributed by AVISO+. This derived dataset is NOT endorsed by, affiliated with, or supported by AVISO, CNES, or any FES2014 copyright owner. To download or review the raw global FES2014 dataset, visit AVISO+ at: https://www.aviso.altimetry.fr/en/data/products/auxiliary-products/global-tide-fes.html",
        "info_url": "https://www.aviso.altimetry.fr/en/data/products/auxiliary-products/global-tide-fes.html",
        "stroke": "#f59e0b",
        "stroke-width": 1,
        "stroke-opacity": 0.7,
        "fill": "#f59e0b",
        "fill-opacity": 0.1
      }
    },
    {
      "type": "Feature",
      "geometry": {
        "type": "Polygon",
        "coordinates": [
          [
            [
              0.0,
              58.0
            ],
            [
              30.0,
              58.0
            ],
            [
              30.0,
              70.0
            ],
            [
              0.0,
              70.0
            ],
            [
              0.0,
              58.0
            ]
          ]
        ]
      },
      "properties": {
        "region": "Scandinavian Coast & North [coarse]",
        "category": "Predicted currents (astronomical, no weather)",
        "provider": "Underlying FES2014 data: Copyright \u00a9 2014-ongoing Legos/Noveltis/Cnes/CLS. Derived database packaging: see repository license.",
        "description": "FES2014-derived tidal current database generated by signalk-router-data scripts (https://github.com/marcelrv/signalk-router-data). The underlying FES2014 model is produced by Noveltis, Legos and CLS and distributed by AVISO+. This derived dataset is NOT endorsed by, affiliated with, or supported by AVISO, CNES, or any FES2014 copyright owner. To download or review the raw global FES2014 dataset, visit AVISO+ at: https://www.aviso.altimetry.fr/en/data/products/auxiliary-products/global-tide-fes.html",
        "info_url": "https://www.aviso.altimetry.fr/en/data/products/auxiliary-products/global-tide-fes.html",
        "stroke": "#f59e0b",
        "stroke-width": 1,
        "stroke-opacity": 0.7,
        "fill": "#f59e0b",
        "fill-opacity": 0.1
      }
    },
    {
      "type": "Feature",
      "geometry": {
        "type": "Polygon",
        "coordinates": [
          [
            [
              0.0,
              -27.0
            ],
            [
              15.0,
              -27.0
            ],
            [
              15.0,
              -5.0
            ],
            [
              0.0,
              -5.0
            ],
            [
              0.0,
              -27.0
            ]
          ]
        ]
      },
      "properties": {
        "region": "Angola & Namibia Coast [coarse]",
        "category": "Predicted currents (astronomical, no weather)",
        "provider": "Underlying FES2014 data: Copyright \u00a9 2014-ongoing Legos/Noveltis/Cnes/CLS. Derived database packaging: see repository license.",
        "description": "FES2014-derived tidal current database generated by signalk-router-data scripts (https://github.com/marcelrv/signalk-router-data). The underlying FES2014 model is produced by Noveltis, Legos and CLS and distributed by AVISO+. This derived dataset is NOT endorsed by, affiliated with, or supported by AVISO, CNES, or any FES2014 copyright owner. To download or review the raw global FES2014 dataset, visit AVISO+ at: https://www.aviso.altimetry.fr/en/data/products/auxiliary-products/global-tide-fes.html",
        "info_url": "https://www.aviso.altimetry.fr/en/data/products/auxiliary-products/global-tide-fes.html",
        "stroke": "#f59e0b",
        "stroke-width": 1,
        "stroke-opacity": 0.7,
        "fill": "#f59e0b",
        "fill-opacity": 0.1
      }
    },
    {
      "type": "Feature",
      "geometry": {
        "type": "Polygon",
        "coordinates": [
          [
            [
              -70.0,
              -55.0
            ],
            [
              -50.0,
              -55.0
            ],
            [
              -50.0,
              -30.0
            ],
            [
              -70.0,
              -30.0
            ],
            [
              -70.0,
              -55.0
            ]
          ]
        ]
      },
      "properties": {
        "region": "Argentina & Patagonia [coarse]",
        "category": "Predicted currents (astronomical, no weather)",
        "provider": "Underlying FES2014 data: Copyright \u00a9 2014-ongoing Legos/Noveltis/Cnes/CLS. Derived database packaging: see repository license.",
        "description": "FES2014-derived tidal current database generated by signalk-router-data scripts (https://github.com/marcelrv/signalk-router-data). The underlying FES2014 model is produced by Noveltis, Legos and CLS and distributed by AVISO+. This derived dataset is NOT endorsed by, affiliated with, or supported by AVISO, CNES, or any FES2014 copyright owner. To download or review the raw global FES2014 dataset, visit AVISO+ at: https://www.aviso.altimetry.fr/en/data/products/auxiliary-products/global-tide-fes.html",
        "info_url": "https://www.aviso.altimetry.fr/en/data/products/auxiliary-products/global-tide-fes.html",
        "stroke": "#f59e0b",
        "stroke-width": 1,
        "stroke-opacity": 0.7,
        "fill": "#f59e0b",
        "fill-opacity": 0.1
      }
    },
    {
      "type": "Feature",
      "geometry": {
        "type": "Polygon",
        "coordinates": [
          [
            [
              -10.0,
              -10.0
            ],
            [
              15.0,
              -10.0
            ],
            [
              15.0,
              10.0
            ],
            [
              -10.0,
              10.0
            ],
            [
              -10.0,
              -10.0
            ]
          ]
        ]
      },
      "properties": {
        "region": "Gulf of Guinea [coarse]",
        "category": "Predicted currents (astronomical, no weather)",
        "provider": "Underlying FES2014 data: Copyright \u00a9 2014-ongoing Legos/Noveltis/Cnes/CLS. Derived database packaging: see repository license.",
        "description": "FES2014-derived tidal current database generated by signalk-router-data scripts (https://github.com/marcelrv/signalk-router-data). The underlying FES2014 model is produced by Noveltis, Legos and CLS and distributed by AVISO+. This derived dataset is NOT endorsed by, affiliated with, or supported by AVISO, CNES, or any FES2014 copyright owner. To download or review the raw global FES2014 dataset, visit AVISO+ at: https://www.aviso.altimetry.fr/en/data/products/auxiliary-products/global-tide-fes.html",
        "info_url": "https://www.aviso.altimetry.fr/en/data/products/auxiliary-products/global-tide-fes.html",
        "stroke": "#f59e0b",
        "stroke-width": 1,
        "stroke-opacity": 0.7,
        "fill": "#f59e0b",
        "fill-opacity": 0.1
      }
    },
    {
      "type": "Feature",
      "geometry": {
        "type": "Polygon",
        "coordinates": [
          [
            [
              0.0,
              -35.0
            ],
            [
              35.0,
              -35.0
            ],
            [
              35.0,
              -27.0
            ],
            [
              0.0,
              -27.0
            ],
            [
              0.0,
              -35.0
            ]
          ]
        ]
      },
      "properties": {
        "region": "South Africa & Cape [coarse]",
        "category": "Predicted currents (astronomical, no weather)",
        "provider": "Underlying FES2014 data: Copyright \u00a9 2014-ongoing Legos/Noveltis/Cnes/CLS. Derived database packaging: see repository license.",
        "description": "FES2014-derived tidal current database generated by signalk-router-data scripts (https://github.com/marcelrv/signalk-router-data). The underlying FES2014 model is produced by Noveltis, Legos and CLS and distributed by AVISO+. This derived dataset is NOT endorsed by, affiliated with, or supported by AVISO, CNES, or any FES2014 copyright owner. To download or review the raw global FES2014 dataset, visit AVISO+ at: https://www.aviso.altimetry.fr/en/data/products/auxiliary-products/global-tide-fes.html",
        "info_url": "https://www.aviso.altimetry.fr/en/data/products/auxiliary-products/global-tide-fes.html",
        "stroke": "#f59e0b",
        "stroke-width": 1,
        "stroke-opacity": 0.7,
        "fill": "#f59e0b",
        "fill-opacity": 0.1
      }
    },
    {
      "type": "Feature",
      "geometry": {
        "type": "Polygon",
        "coordinates": [
          [
            [
              -75.0,
              -30.0
            ],
            [
              -35.0,
              -30.0
            ],
            [
              -35.0,
              13.0
            ],
            [
              -75.0,
              13.0
            ],
            [
              -75.0,
              -30.0
            ]
          ]
        ]
      },
      "properties": {
        "region": "South America NE Coast [coarse]",
        "category": "Predicted currents (astronomical, no weather)",
        "provider": "Underlying FES2014 data: Copyright \u00a9 2014-ongoing Legos/Noveltis/Cnes/CLS. Derived database packaging: see repository license.",
        "description": "FES2014-derived tidal current database generated by signalk-router-data scripts (https://github.com/marcelrv/signalk-router-data). The underlying FES2014 model is produced by Noveltis, Legos and CLS and distributed by AVISO+. This derived dataset is NOT endorsed by, affiliated with, or supported by AVISO, CNES, or any FES2014 copyright owner. To download or review the raw global FES2014 dataset, visit AVISO+ at: https://www.aviso.altimetry.fr/en/data/products/auxiliary-products/global-tide-fes.html",
        "info_url": "https://www.aviso.altimetry.fr/en/data/products/auxiliary-products/global-tide-fes.html",
        "stroke": "#f59e0b",
        "stroke-width": 1,
        "stroke-opacity": 0.7,
        "fill": "#f59e0b",
        "fill-opacity": 0.1
      }
    },
    {
      "type": "Feature",
      "geometry": {
        "type": "Polygon",
        "coordinates": [
          [
            [
              -25.0,
              -40.0
            ],
            [
              0.0,
              -40.0
            ],
            [
              0.0,
              -10.0
            ],
            [
              -25.0,
              -10.0
            ],
            [
              -25.0,
              -40.0
            ]
          ]
        ]
      },
      "properties": {
        "region": "Southeast Atlantic [coarse]",
        "category": "Predicted currents (astronomical, no weather)",
        "provider": "Underlying FES2014 data: Copyright \u00a9 2014-ongoing Legos/Noveltis/Cnes/CLS. Derived database packaging: see repository license.",
        "description": "FES2014-derived tidal current database generated by signalk-router-data scripts (https://github.com/marcelrv/signalk-router-data). The underlying FES2014 model is produced by Noveltis, Legos and CLS and distributed by AVISO+. This derived dataset is NOT endorsed by, affiliated with, or supported by AVISO, CNES, or any FES2014 copyright owner. To download or review the raw global FES2014 dataset, visit AVISO+ at: https://www.aviso.altimetry.fr/en/data/products/auxiliary-products/global-tide-fes.html",
        "info_url": "https://www.aviso.altimetry.fr/en/data/products/auxiliary-products/global-tide-fes.html",
        "stroke": "#f59e0b",
        "stroke-width": 1,
        "stroke-opacity": 0.7,
        "fill": "#f59e0b",
        "fill-opacity": 0.1
      }
    },
    {
      "type": "Feature",
      "geometry": {
        "type": "Polygon",
        "coordinates": [
          [
            [
              -50.0,
              -40.0
            ],
            [
              -25.0,
              -40.0
            ],
            [
              -25.0,
              -10.0
            ],
            [
              -50.0,
              -10.0
            ],
            [
              -50.0,
              -40.0
            ]
          ]
        ]
      },
      "properties": {
        "region": "Southwest Atlantic [coarse]",
        "category": "Predicted currents (astronomical, no weather)",
        "provider": "Underlying FES2014 data: Copyright \u00a9 2014-ongoing Legos/Noveltis/Cnes/CLS. Derived database packaging: see repository license.",
        "description": "FES2014-derived tidal current database generated by signalk-router-data scripts (https://github.com/marcelrv/signalk-router-data). The underlying FES2014 model is produced by Noveltis, Legos and CLS and distributed by AVISO+. This derived dataset is NOT endorsed by, affiliated with, or supported by AVISO, CNES, or any FES2014 copyright owner. To download or review the raw global FES2014 dataset, visit AVISO+ at: https://www.aviso.altimetry.fr/en/data/products/auxiliary-products/global-tide-fes.html",
        "info_url": "https://www.aviso.altimetry.fr/en/data/products/auxiliary-products/global-tide-fes.html",
        "stroke": "#f59e0b",
        "stroke-width": 1,
        "stroke-opacity": 0.7,
        "fill": "#f59e0b",
        "fill-opacity": 0.1
      }
    },
    {
      "type": "Feature",
      "geometry": {
        "type": "Polygon",
        "coordinates": [
          [
            [
              -20.0,
              4.0
            ],
            [
              0.0,
              4.0
            ],
            [
              0.0,
              36.0
            ],
            [
              -20.0,
              36.0
            ],
            [
              -20.0,
              4.0
            ]
          ]
        ]
      },
      "properties": {
        "region": "West Africa & Morocco Coast [coarse]",
        "category": "Predicted currents (astronomical, no weather)",
        "provider": "Underlying FES2014 data: Copyright \u00a9 2014-ongoing Legos/Noveltis/Cnes/CLS. Derived database packaging: see repository license.",
        "description": "FES2014-derived tidal current database generated by signalk-router-data scripts (https://github.com/marcelrv/signalk-router-data). The underlying FES2014 model is produced by Noveltis, Legos and CLS and distributed by AVISO+. This derived dataset is NOT endorsed by, affiliated with, or supported by AVISO, CNES, or any FES2014 copyright owner. To download or review the raw global FES2014 dataset, visit AVISO+ at: https://www.aviso.altimetry.fr/en/data/products/auxiliary-products/global-tide-fes.html",
        "info_url": "https://www.aviso.altimetry.fr/en/data/products/auxiliary-products/global-tide-fes.html",
        "stroke": "#f59e0b",
        "stroke-width": 1,
        "stroke-opacity": 0.7,
        "fill": "#f59e0b",
        "fill-opacity": 0.1
      }
    },
    {
      "type": "Feature",
      "geometry": {
        "type": "Polygon",
        "coordinates": [
          [
            [
              -97.81,
              23.97
            ],
            [
              -81.3,
              23.97
            ],
            [
              -81.3,
              31.18
            ],
            [
              -97.81,
              31.18
            ],
            [
              -97.81,
              23.97
            ]
          ]
        ]
      },
      "properties": {
        "region": "NOAA Tidal Currents \u2014 Gulf of Mexico",
        "category": "Predicted currents (astronomical, no weather)",
        "provider": "NOAA Center for Operational Oceanographic Products and Services (CO-OPS)",
        "description": "Harmonic tidal current predictions for 142 NOAA CO-OPS current stations, converted from the official NOAA harmonic constituents \u2014 subordinate stations are synthesized from their reference station's harmonics and NOAA's published flood/ebb offsets \u2014 by signalk-router-data scripts (https://github.com/marcelrv/signalk-router-data). Predictions are purely astronomical; actual currents can deviate with weather and river flow.",
        "info_url": "https://tidesandcurrents.noaa.gov/currents_info.html",
        "stroke": "#f59e0b",
        "stroke-width": 1,
        "stroke-opacity": 0.7,
        "fill": "#f59e0b",
        "fill-opacity": 0.1
      }
    },
    {
      "type": "Feature",
      "geometry": {
        "type": "Polygon",
        "coordinates": [
          [
            [
              -67.73,
              17.59
            ],
            [
              -65.07,
              17.59
            ],
            [
              -65.07,
              18.83
            ],
            [
              -67.73,
              18.83
            ],
            [
              -67.73,
              17.59
            ]
          ]
        ]
      },
      "properties": {
        "region": "NOAA Tidal Currents \u2014 Puerto Rico & Virgin Islands",
        "category": "Predicted currents (astronomical, no weather)",
        "provider": "NOAA Center for Operational Oceanographic Products and Services (CO-OPS)",
        "description": "Harmonic tidal current predictions for 5 NOAA CO-OPS current stations, converted from the official NOAA harmonic constituents \u2014 subordinate stations are synthesized from their reference station's harmonics and NOAA's published flood/ebb offsets \u2014 by signalk-router-data scripts (https://github.com/marcelrv/signalk-router-data). Predictions are purely astronomical; actual currents can deviate with weather and river flow.",
        "info_url": "https://tidesandcurrents.noaa.gov/currents_info.html",
        "stroke": "#f59e0b",
        "stroke-width": 1,
        "stroke-opacity": 0.7,
        "fill": "#f59e0b",
        "fill-opacity": 0.1
      }
    },
    {
      "type": "Feature",
      "geometry": {
        "type": "Polygon",
        "coordinates": [
          [
            [
              -82.3,
              24.1
            ],
            [
              -66.48,
              24.1
            ],
            [
              -66.48,
              45.58
            ],
            [
              -82.3,
              45.58
            ],
            [
              -82.3,
              24.1
            ]
          ]
        ]
      },
      "properties": {
        "region": "NOAA Tidal Currents \u2014 US East Coast",
        "category": "Predicted currents (astronomical, no weather)",
        "provider": "NOAA Center for Operational Oceanographic Products and Services (CO-OPS)",
        "description": "Harmonic tidal current predictions for 1455 NOAA CO-OPS current stations, converted from the official NOAA harmonic constituents \u2014 subordinate stations are synthesized from their reference station's harmonics and NOAA's published flood/ebb offsets \u2014 by signalk-router-data scripts (https://github.com/marcelrv/signalk-router-data). Predictions are purely astronomical; actual currents can deviate with weather and river flow.",
        "info_url": "https://tidesandcurrents.noaa.gov/currents_info.html",
        "stroke": "#f59e0b",
        "stroke-width": 1,
        "stroke-opacity": 0.7,
        "fill": "#f59e0b",
        "fill-opacity": 0.1
      }
    },
    {
      "type": "Feature",
      "geometry": {
        "type": "Polygon",
        "coordinates": [
          [
            [
              -6.0,
              48.5
            ],
            [
              3.0,
              48.5
            ],
            [
              3.0,
              51.5
            ],
            [
              -6.0,
              51.5
            ],
            [
              -6.0,
              48.5
            ]
          ]
        ]
      },
      "properties": {
        "region": "English Channel & Dover Strait \u2014 Tidal Currents",
        "category": "Predicted currents (astronomical, no weather)",
        "provider": "Underlying FES2014 data: Copyright \u00a9 2014-ongoing Legos/Noveltis/Cnes/CLS. Derived database packaging: see repository license.",
        "description": "FES2014-derived tidal current database generated by signalk-router-data scripts (https://github.com/marcelrv/signalk-router-data). The underlying FES2014 model is produced by Noveltis, Legos and CLS and distributed by AVISO+. This derived dataset is NOT endorsed by, affiliated with, or supported by AVISO, CNES, or any FES2014 copyright owner. To download or review the raw global FES2014 dataset, visit AVISO+ at: https://www.aviso.altimetry.fr/en/data/products/auxiliary-products/global-tide-fes.html",
        "info_url": "https://www.aviso.altimetry.fr/en/data/products/auxiliary-products/global-tide-fes.html",
        "stroke": "#f59e0b",
        "stroke-width": 1,
        "stroke-opacity": 0.7,
        "fill": "#f59e0b",
        "fill-opacity": 0.1
      }
    },
    {
      "type": "Feature",
      "geometry": {
        "type": "Polygon",
        "coordinates": [
          [
            [
              2.5,
              51.0
            ],
            [
              7.5,
              51.0
            ],
            [
              7.5,
              54.0
            ],
            [
              2.5,
              54.0
            ],
            [
              2.5,
              51.0
            ]
          ]
        ]
      },
      "properties": {
        "region": "Netherlands Coast, Delta & Wadden \u2014 Tidal Currents",
        "category": "Predicted currents (astronomical, no weather)",
        "provider": "Underlying FES2014 data: Copyright \u00a9 2014-ongoing Legos/Noveltis/Cnes/CLS. Derived database packaging: see repository license.",
        "description": "FES2014-derived tidal current database generated by signalk-router-data scripts (https://github.com/marcelrv/signalk-router-data). The underlying FES2014 model is produced by Noveltis, Legos and CLS and distributed by AVISO+. This derived dataset is NOT endorsed by, affiliated with, or supported by AVISO, CNES, or any FES2014 copyright owner. To download or review the raw global FES2014 dataset, visit AVISO+ at: https://www.aviso.altimetry.fr/en/data/products/auxiliary-products/global-tide-fes.html",
        "info_url": "https://www.aviso.altimetry.fr/en/data/products/auxiliary-products/global-tide-fes.html",
        "stroke": "#f59e0b",
        "stroke-width": 1,
        "stroke-opacity": 0.7,
        "fill": "#f59e0b",
        "fill-opacity": 0.1
      }
    },
    {
      "type": "Feature",
      "geometry": {
        "type": "Polygon",
        "coordinates": [
          [
            [
              -4.0,
              50.5
            ],
            [
              10.0,
              50.5
            ],
            [
              10.0,
              61.5
            ],
            [
              -4.0,
              61.5
            ],
            [
              -4.0,
              50.5
            ]
          ]
        ]
      },
      "properties": {
        "region": "North Sea \u2014 Tidal Currents & Reference Ports",
        "category": "Predicted currents (astronomical, no weather)",
        "provider": "Underlying FES2014 data: Copyright \u00a9 2014-ongoing Legos/Noveltis/Cnes/CLS. Derived database packaging: see repository license.",
        "description": "FES2014-derived tidal current database generated by signalk-router-data scripts (https://github.com/marcelrv/signalk-router-data). The underlying FES2014 model is produced by Noveltis, Legos and CLS and distributed by AVISO+. This derived dataset is NOT endorsed by, affiliated with, or supported by AVISO, CNES, or any FES2014 copyright owner. To download or review the raw global FES2014 dataset, visit AVISO+ at: https://www.aviso.altimetry.fr/en/data/products/auxiliary-products/global-tide-fes.html",
        "info_url": "https://www.aviso.altimetry.fr/en/data/products/auxiliary-products/global-tide-fes.html",
        "stroke": "#f59e0b",
        "stroke-width": 1,
        "stroke-opacity": 0.7,
        "fill": "#f59e0b",
        "fill-opacity": 0.1
      }
    },
    {
      "type": "Feature",
      "geometry": {
        "type": "Polygon",
        "coordinates": [
          [
            [
              95.0,
              5.0
            ],
            [
              100.0,
              5.0
            ],
            [
              100.0,
              15.0
            ],
            [
              95.0,
              15.0
            ],
            [
              95.0,
              5.0
            ]
          ]
        ]
      },
      "properties": {
        "region": "Andaman Sea & Thailand [coarse]",
        "category": "Predicted currents (astronomical, no weather)",
        "provider": "Underlying FES2014 data: Copyright \u00a9 2014-ongoing Legos/Noveltis/Cnes/CLS. Derived database packaging: see repository license.",
        "description": "FES2014-derived tidal current database generated by signalk-router-data scripts (https://github.com/marcelrv/signalk-router-data). The underlying FES2014 model is produced by Noveltis, Legos and CLS and distributed by AVISO+. This derived dataset is NOT endorsed by, affiliated with, or supported by AVISO, CNES, or any FES2014 copyright owner. To download or review the raw global FES2014 dataset, visit AVISO+ at: https://www.aviso.altimetry.fr/en/data/products/auxiliary-products/global-tide-fes.html",
        "info_url": "https://www.aviso.altimetry.fr/en/data/products/auxiliary-products/global-tide-fes.html",
        "stroke": "#f59e0b",
        "stroke-width": 1,
        "stroke-opacity": 0.7,
        "fill": "#f59e0b",
        "fill-opacity": 0.1
      }
    },
    {
      "type": "Feature",
      "geometry": {
        "type": "Polygon",
        "coordinates": [
          [
            [
              45.0,
              5.0
            ],
            [
              70.0,
              5.0
            ],
            [
              70.0,
              25.0
            ],
            [
              45.0,
              25.0
            ],
            [
              45.0,
              5.0
            ]
          ]
        ]
      },
      "properties": {
        "region": "Arabian Sea & SW Asia [coarse]",
        "category": "Predicted currents (astronomical, no weather)",
        "provider": "Underlying FES2014 data: Copyright \u00a9 2014-ongoing Legos/Noveltis/Cnes/CLS. Derived database packaging: see repository license.",
        "description": "FES2014-derived tidal current database generated by signalk-router-data scripts (https://github.com/marcelrv/signalk-router-data). The underlying FES2014 model is produced by Noveltis, Legos and CLS and distributed by AVISO+. This derived dataset is NOT endorsed by, affiliated with, or supported by AVISO, CNES, or any FES2014 copyright owner. To download or review the raw global FES2014 dataset, visit AVISO+ at: https://www.aviso.altimetry.fr/en/data/products/auxiliary-products/global-tide-fes.html",
        "info_url": "https://www.aviso.altimetry.fr/en/data/products/auxiliary-products/global-tide-fes.html",
        "stroke": "#f59e0b",
        "stroke-width": 1,
        "stroke-opacity": 0.7,
        "fill": "#f59e0b",
        "fill-opacity": 0.1
      }
    },
    {
      "type": "Feature",
      "geometry": {
        "type": "Polygon",
        "coordinates": [
          [
            [
              85.0,
              5.0
            ],
            [
              100.0,
              5.0
            ],
            [
              100.0,
              25.0
            ],
            [
              85.0,
              25.0
            ],
            [
              85.0,
              5.0
            ]
          ]
        ]
      },
      "properties": {
        "region": "Bay of Bengal & Bangladesh [coarse]",
        "category": "Predicted currents (astronomical, no weather)",
        "provider": "Underlying FES2014 data: Copyright \u00a9 2014-ongoing Legos/Noveltis/Cnes/CLS. Derived database packaging: see repository license.",
        "description": "FES2014-derived tidal current database generated by signalk-router-data scripts (https://github.com/marcelrv/signalk-router-data). The underlying FES2014 model is produced by Noveltis, Legos and CLS and distributed by AVISO+. This derived dataset is NOT endorsed by, affiliated with, or supported by AVISO, CNES, or any FES2014 copyright owner. To download or review the raw global FES2014 dataset, visit AVISO+ at: https://www.aviso.altimetry.fr/en/data/products/auxiliary-products/global-tide-fes.html",
        "info_url": "https://www.aviso.altimetry.fr/en/data/products/auxiliary-products/global-tide-fes.html",
        "stroke": "#f59e0b",
        "stroke-width": 1,
        "stroke-opacity": 0.7,
        "fill": "#f59e0b",
        "fill-opacity": 0.1
      }
    },
    {
      "type": "Feature",
      "geometry": {
        "type": "Polygon",
        "coordinates": [
          [
            [
              50.0,
              0.0
            ],
            [
              85.0,
              0.0
            ],
            [
              85.0,
              20.0
            ],
            [
              50.0,
              20.0
            ],
            [
              50.0,
              0.0
            ]
          ]
        ]
      },
      "properties": {
        "region": "Central North Indian Ocean [coarse]",
        "category": "Predicted currents (astronomical, no weather)",
        "provider": "Underlying FES2014 data: Copyright \u00a9 2014-ongoing Legos/Noveltis/Cnes/CLS. Derived database packaging: see repository license.",
        "description": "FES2014-derived tidal current database generated by signalk-router-data scripts (https://github.com/marcelrv/signalk-router-data). The underlying FES2014 model is produced by Noveltis, Legos and CLS and distributed by AVISO+. This derived dataset is NOT endorsed by, affiliated with, or supported by AVISO, CNES, or any FES2014 copyright owner. To download or review the raw global FES2014 dataset, visit AVISO+ at: https://www.aviso.altimetry.fr/en/data/products/auxiliary-products/global-tide-fes.html",
        "info_url": "https://www.aviso.altimetry.fr/en/data/products/auxiliary-products/global-tide-fes.html",
        "stroke": "#f59e0b",
        "stroke-width": 1,
        "stroke-opacity": 0.7,
        "fill": "#f59e0b",
        "fill-opacity": 0.1
      }
    },
    {
      "type": "Feature",
      "geometry": {
        "type": "Polygon",
        "coordinates": [
          [
            [
              50.0,
              -20.0
            ],
            [
              85.0,
              -20.0
            ],
            [
              85.0,
              0.0
            ],
            [
              50.0,
              0.0
            ],
            [
              50.0,
              -20.0
            ]
          ]
        ]
      },
      "properties": {
        "region": "Central South Indian Ocean [coarse]",
        "category": "Predicted currents (astronomical, no weather)",
        "provider": "Underlying FES2014 data: Copyright \u00a9 2014-ongoing Legos/Noveltis/Cnes/CLS. Derived database packaging: see repository license.",
        "description": "FES2014-derived tidal current database generated by signalk-router-data scripts (https://github.com/marcelrv/signalk-router-data). The underlying FES2014 model is produced by Noveltis, Legos and CLS and distributed by AVISO+. This derived dataset is NOT endorsed by, affiliated with, or supported by AVISO, CNES, or any FES2014 copyright owner. To download or review the raw global FES2014 dataset, visit AVISO+ at: https://www.aviso.altimetry.fr/en/data/products/auxiliary-products/global-tide-fes.html",
        "info_url": "https://www.aviso.altimetry.fr/en/data/products/auxiliary-products/global-tide-fes.html",
        "stroke": "#f59e0b",
        "stroke-width": 1,
        "stroke-opacity": 0.7,
        "fill": "#f59e0b",
        "fill-opacity": 0.1
      }
    },
    {
      "type": "Feature",
      "geometry": {
        "type": "Polygon",
        "coordinates": [
          [
            [
              30.0,
              -10.0
            ],
            [
              60.0,
              -10.0
            ],
            [
              60.0,
              5.0
            ],
            [
              30.0,
              5.0
            ],
            [
              30.0,
              -10.0
            ]
          ]
        ]
      },
      "properties": {
        "region": "Kenya & Tanzania Coast [coarse]",
        "category": "Predicted currents (astronomical, no weather)",
        "provider": "Underlying FES2014 data: Copyright \u00a9 2014-ongoing Legos/Noveltis/Cnes/CLS. Derived database packaging: see repository license.",
        "description": "FES2014-derived tidal current database generated by signalk-router-data scripts (https://github.com/marcelrv/signalk-router-data). The underlying FES2014 model is produced by Noveltis, Legos and CLS and distributed by AVISO+. This derived dataset is NOT endorsed by, affiliated with, or supported by AVISO, CNES, or any FES2014 copyright owner. To download or review the raw global FES2014 dataset, visit AVISO+ at: https://www.aviso.altimetry.fr/en/data/products/auxiliary-products/global-tide-fes.html",
        "info_url": "https://www.aviso.altimetry.fr/en/data/products/auxiliary-products/global-tide-fes.html",
        "stroke": "#f59e0b",
        "stroke-width": 1,
        "stroke-opacity": 0.7,
        "fill": "#f59e0b",
        "fill-opacity": 0.1
      }
    },
    {
      "type": "Feature",
      "geometry": {
        "type": "Polygon",
        "coordinates": [
          [
            [
              30.0,
              -25.0
            ],
            [
              60.0,
              -25.0
            ],
            [
              60.0,
              -10.0
            ],
            [
              30.0,
              -10.0
            ],
            [
              30.0,
              -25.0
            ]
          ]
        ]
      },
      "properties": {
        "region": "Mozambique Channel & SE Africa [coarse]",
        "category": "Predicted currents (astronomical, no weather)",
        "provider": "Underlying FES2014 data: Copyright \u00a9 2014-ongoing Legos/Noveltis/Cnes/CLS. Derived database packaging: see repository license.",
        "description": "FES2014-derived tidal current database generated by signalk-router-data scripts (https://github.com/marcelrv/signalk-router-data). The underlying FES2014 model is produced by Noveltis, Legos and CLS and distributed by AVISO+. This derived dataset is NOT endorsed by, affiliated with, or supported by AVISO, CNES, or any FES2014 copyright owner. To download or review the raw global FES2014 dataset, visit AVISO+ at: https://www.aviso.altimetry.fr/en/data/products/auxiliary-products/global-tide-fes.html",
        "info_url": "https://www.aviso.altimetry.fr/en/data/products/auxiliary-products/global-tide-fes.html",
        "stroke": "#f59e0b",
        "stroke-width": 1,
        "stroke-opacity": 0.7,
        "fill": "#f59e0b",
        "fill-opacity": 0.1
      }
    },
    {
      "type": "Feature",
      "geometry": {
        "type": "Polygon",
        "coordinates": [
          [
            [
              48.0,
              23.0
            ],
            [
              60.0,
              23.0
            ],
            [
              60.0,
              30.5
            ],
            [
              48.0,
              30.5
            ],
            [
              48.0,
              23.0
            ]
          ]
        ]
      },
      "properties": {
        "region": "Persian Gulf & Gulf of Oman",
        "category": "Predicted currents (astronomical, no weather)",
        "provider": "Underlying FES2014 data: Copyright \u00a9 2014-ongoing Legos/Noveltis/Cnes/CLS. Derived database packaging: see repository license.",
        "description": "FES2014-derived tidal current database generated by signalk-router-data scripts (https://github.com/marcelrv/signalk-router-data). The underlying FES2014 model is produced by Noveltis, Legos and CLS and distributed by AVISO+. This derived dataset is NOT endorsed by, affiliated with, or supported by AVISO, CNES, or any FES2014 copyright owner. To download or review the raw global FES2014 dataset, visit AVISO+ at: https://www.aviso.altimetry.fr/en/data/products/auxiliary-products/global-tide-fes.html",
        "info_url": "https://www.aviso.altimetry.fr/en/data/products/auxiliary-products/global-tide-fes.html",
        "stroke": "#f59e0b",
        "stroke-width": 1,
        "stroke-opacity": 0.7,
        "fill": "#f59e0b",
        "fill-opacity": 0.1
      }
    },
    {
      "type": "Feature",
      "geometry": {
        "type": "Polygon",
        "coordinates": [
          [
            [
              33.0,
              10.0
            ],
            [
              45.0,
              10.0
            ],
            [
              45.0,
              28.0
            ],
            [
              33.0,
              28.0
            ],
            [
              33.0,
              10.0
            ]
          ]
        ]
      },
      "properties": {
        "region": "Red Sea & Bab al Mandab [coarse]",
        "category": "Predicted currents (astronomical, no weather)",
        "provider": "Underlying FES2014 data: Copyright \u00a9 2014-ongoing Legos/Noveltis/Cnes/CLS. Derived database packaging: see repository license.",
        "description": "FES2014-derived tidal current database generated by signalk-router-data scripts (https://github.com/marcelrv/signalk-router-data). The underlying FES2014 model is produced by Noveltis, Legos and CLS and distributed by AVISO+. This derived dataset is NOT endorsed by, affiliated with, or supported by AVISO, CNES, or any FES2014 copyright owner. To download or review the raw global FES2014 dataset, visit AVISO+ at: https://www.aviso.altimetry.fr/en/data/products/auxiliary-products/global-tide-fes.html",
        "info_url": "https://www.aviso.altimetry.fr/en/data/products/auxiliary-products/global-tide-fes.html",
        "stroke": "#f59e0b",
        "stroke-width": 1,
        "stroke-opacity": 0.7,
        "fill": "#f59e0b",
        "fill-opacity": 0.1
      }
    },
    {
      "type": "Feature",
      "geometry": {
        "type": "Polygon",
        "coordinates": [
          [
            [
              72.0,
              3.0
            ],
            [
              84.0,
              3.0
            ],
            [
              84.0,
              12.0
            ],
            [
              72.0,
              12.0
            ],
            [
              72.0,
              3.0
            ]
          ]
        ]
      },
      "properties": {
        "region": "Sri Lanka & Maldives [coarse]",
        "category": "Predicted currents (astronomical, no weather)",
        "provider": "Underlying FES2014 data: Copyright \u00a9 2014-ongoing Legos/Noveltis/Cnes/CLS. Derived database packaging: see repository license.",
        "description": "FES2014-derived tidal current database generated by signalk-router-data scripts (https://github.com/marcelrv/signalk-router-data). The underlying FES2014 model is produced by Noveltis, Legos and CLS and distributed by AVISO+. This derived dataset is NOT endorsed by, affiliated with, or supported by AVISO, CNES, or any FES2014 copyright owner. To download or review the raw global FES2014 dataset, visit AVISO+ at: https://www.aviso.altimetry.fr/en/data/products/auxiliary-products/global-tide-fes.html",
        "info_url": "https://www.aviso.altimetry.fr/en/data/products/auxiliary-products/global-tide-fes.html",
        "stroke": "#f59e0b",
        "stroke-width": 1,
        "stroke-opacity": 0.7,
        "fill": "#f59e0b",
        "fill-opacity": 0.1
      }
    },
    {
      "type": "Feature",
      "geometry": {
        "type": "Polygon",
        "coordinates": [
          [
            [
              95.0,
              0.0
            ],
            [
              105.0,
              0.0
            ],
            [
              105.0,
              5.0
            ],
            [
              95.0,
              5.0
            ],
            [
              95.0,
              0.0
            ]
          ]
        ]
      },
      "properties": {
        "region": "Strait of Malacca & Singapore",
        "category": "Predicted currents (astronomical, no weather)",
        "provider": "Underlying FES2014 data: Copyright \u00a9 2014-ongoing Legos/Noveltis/Cnes/CLS. Derived database packaging: see repository license.",
        "description": "FES2014-derived tidal current database generated by signalk-router-data scripts (https://github.com/marcelrv/signalk-router-data). The underlying FES2014 model is produced by Noveltis, Legos and CLS and distributed by AVISO+. This derived dataset is NOT endorsed by, affiliated with, or supported by AVISO, CNES, or any FES2014 copyright owner. To download or review the raw global FES2014 dataset, visit AVISO+ at: https://www.aviso.altimetry.fr/en/data/products/auxiliary-products/global-tide-fes.html",
        "info_url": "https://www.aviso.altimetry.fr/en/data/products/auxiliary-products/global-tide-fes.html",
        "stroke": "#f59e0b",
        "stroke-width": 1,
        "stroke-opacity": 0.7,
        "fill": "#f59e0b",
        "fill-opacity": 0.1
      }
    },
    {
      "type": "Feature",
      "geometry": {
        "type": "Polygon",
        "coordinates": [
          [
            [
              -30.0,
              60.0
            ],
            [
              -2.0,
              60.0
            ],
            [
              -2.0,
              68.0
            ],
            [
              -30.0,
              68.0
            ],
            [
              -30.0,
              60.0
            ]
          ]
        ]
      },
      "properties": {
        "region": "Iceland, Faroe & Shetland [coarse]",
        "category": "Predicted currents (astronomical, no weather)",
        "provider": "Underlying FES2014 data: Copyright \u00a9 2014-ongoing Legos/Noveltis/Cnes/CLS. Derived database packaging: see repository license.",
        "description": "FES2014-derived tidal current database generated by signalk-router-data scripts (https://github.com/marcelrv/signalk-router-data). The underlying FES2014 model is produced by Noveltis, Legos and CLS and distributed by AVISO+. This derived dataset is NOT endorsed by, affiliated with, or supported by AVISO, CNES, or any FES2014 copyright owner. To download or review the raw global FES2014 dataset, visit AVISO+ at: https://www.aviso.altimetry.fr/en/data/products/auxiliary-products/global-tide-fes.html",
        "info_url": "https://www.aviso.altimetry.fr/en/data/products/auxiliary-products/global-tide-fes.html",
        "stroke": "#f59e0b",
        "stroke-width": 1,
        "stroke-opacity": 0.7,
        "fill": "#f59e0b",
        "fill-opacity": 0.1
      }
    },
    {
      "type": "Feature",
      "geometry": {
        "type": "Polygon",
        "coordinates": [
          [
            [
              8.0,
              53.0
            ],
            [
              30.0,
              53.0
            ],
            [
              30.0,
              67.0
            ],
            [
              8.0,
              67.0
            ],
            [
              8.0,
              53.0
            ]
          ]
        ]
      },
      "properties": {
        "region": "Baltic Sea & Approaches [coarse]",
        "category": "Predicted currents (astronomical, no weather)",
        "provider": "Underlying FES2014 data: Copyright \u00a9 2014-ongoing Legos/Noveltis/Cnes/CLS. Derived database packaging: see repository license.",
        "description": "FES2014-derived tidal current database generated by signalk-router-data scripts (https://github.com/marcelrv/signalk-router-data). The underlying FES2014 model is produced by Noveltis, Legos and CLS and distributed by AVISO+. This derived dataset is NOT endorsed by, affiliated with, or supported by AVISO, CNES, or any FES2014 copyright owner. To download or review the raw global FES2014 dataset, visit AVISO+ at: https://www.aviso.altimetry.fr/en/data/products/auxiliary-products/global-tide-fes.html",
        "info_url": "https://www.aviso.altimetry.fr/en/data/products/auxiliary-products/global-tide-fes.html",
        "stroke": "#f59e0b",
        "stroke-width": 1,
        "stroke-opacity": 0.7,
        "fill": "#f59e0b",
        "fill-opacity": 0.1
      }
    },
    {
      "type": "Feature",
      "geometry": {
        "type": "Polygon",
        "coordinates": [
          [
            [
              25.0,
              40.0
            ],
            [
              42.0,
              40.0
            ],
            [
              42.0,
              47.0
            ],
            [
              25.0,
              47.0
            ],
            [
              25.0,
              40.0
            ]
          ]
        ]
      },
      "properties": {
        "region": "Black Sea & Bosporus [coarse]",
        "category": "Predicted currents (astronomical, no weather)",
        "provider": "Underlying FES2014 data: Copyright \u00a9 2014-ongoing Legos/Noveltis/Cnes/CLS. Derived database packaging: see repository license.",
        "description": "FES2014-derived tidal current database generated by signalk-router-data scripts (https://github.com/marcelrv/signalk-router-data). The underlying FES2014 model is produced by Noveltis, Legos and CLS and distributed by AVISO+. This derived dataset is NOT endorsed by, affiliated with, or supported by AVISO, CNES, or any FES2014 copyright owner. To download or review the raw global FES2014 dataset, visit AVISO+ at: https://www.aviso.altimetry.fr/en/data/products/auxiliary-products/global-tide-fes.html",
        "info_url": "https://www.aviso.altimetry.fr/en/data/products/auxiliary-products/global-tide-fes.html",
        "stroke": "#f59e0b",
        "stroke-width": 1,
        "stroke-opacity": 0.7,
        "fill": "#f59e0b",
        "fill-opacity": 0.1
      }
    },
    {
      "type": "Feature",
      "geometry": {
        "type": "Polygon",
        "coordinates": [
          [
            [
              -6.0,
              30.0
            ],
            [
              42.0,
              30.0
            ],
            [
              42.0,
              46.0
            ],
            [
              -6.0,
              46.0
            ],
            [
              -6.0,
              30.0
            ]
          ]
        ]
      },
      "properties": {
        "region": "Mediterranean Sea",
        "category": "Predicted currents (astronomical, no weather)",
        "provider": "Underlying FES2014 data: Copyright \u00a9 2014-ongoing Legos/Noveltis/Cnes/CLS. Derived database packaging: see repository license.",
        "description": "FES2014-derived tidal current database generated by signalk-router-data scripts (https://github.com/marcelrv/signalk-router-data). The underlying FES2014 model is produced by Noveltis, Legos and CLS and distributed by AVISO+. This derived dataset is NOT endorsed by, affiliated with, or supported by AVISO, CNES, or any FES2014 copyright owner. To download or review the raw global FES2014 dataset, visit AVISO+ at: https://www.aviso.altimetry.fr/en/data/products/auxiliary-products/global-tide-fes.html",
        "info_url": "https://www.aviso.altimetry.fr/en/data/products/auxiliary-products/global-tide-fes.html",
        "stroke": "#f59e0b",
        "stroke-width": 1,
        "stroke-opacity": 0.7,
        "fill": "#f59e0b",
        "fill-opacity": 0.1
      }
    },
    {
      "type": "Feature",
      "geometry": {
        "type": "Polygon",
        "coordinates": [
          [
            [
              177.4,
              50.82
            ],
            [
              -128.15,
              50.82
            ],
            [
              -128.15,
              63.83
            ],
            [
              177.4,
              63.83
            ],
            [
              177.4,
              50.82
            ]
          ]
        ]
      },
      "properties": {
        "region": "NOAA Tidal Currents \u2014 Alaska & Aleutians",
        "category": "Predicted currents (astronomical, no weather)",
        "provider": "NOAA Center for Operational Oceanographic Products and Services (CO-OPS)",
        "description": "Harmonic tidal current predictions for 530 NOAA CO-OPS current stations, converted from the official NOAA harmonic constituents \u2014 subordinate stations are synthesized from their reference station's harmonics and NOAA's published flood/ebb offsets \u2014 by signalk-router-data scripts (https://github.com/marcelrv/signalk-router-data). Predictions are purely astronomical; actual currents can deviate with weather and river flow.",
        "info_url": "https://tidesandcurrents.noaa.gov/currents_info.html",
        "stroke": "#f59e0b",
        "stroke-width": 1,
        "stroke-opacity": 0.7,
        "fill": "#f59e0b",
        "fill-opacity": 0.1
      }
    },
    {
      "type": "Feature",
      "geometry": {
        "type": "Polygon",
        "coordinates": [
          [
            [
              -125.13,
              32.15
            ],
            [
              -116.62,
              32.15
            ],
            [
              -116.62,
              49.49
            ],
            [
              -125.13,
              49.49
            ],
            [
              -125.13,
              32.15
            ]
          ]
        ]
      },
      "properties": {
        "region": "NOAA Tidal Currents \u2014 US West Coast & Puget Sound",
        "category": "Predicted currents (astronomical, no weather)",
        "provider": "NOAA Center for Operational Oceanographic Products and Services (CO-OPS)",
        "description": "Harmonic tidal current predictions for 398 NOAA CO-OPS current stations, converted from the official NOAA harmonic constituents \u2014 subordinate stations are synthesized from their reference station's harmonics and NOAA's published flood/ebb offsets \u2014 by signalk-router-data scripts (https://github.com/marcelrv/signalk-router-data). Predictions are purely astronomical; actual currents can deviate with weather and river flow.",
        "info_url": "https://tidesandcurrents.noaa.gov/currents_info.html",
        "stroke": "#f59e0b",
        "stroke-width": 1,
        "stroke-opacity": 0.7,
        "fill": "#f59e0b",
        "fill-opacity": 0.1
      }
    },
    {
      "type": "Feature",
      "geometry": {
        "type": "Polygon",
        "coordinates": [
          [
            [
              110.0,
              20.0
            ],
            [
              125.0,
              20.0
            ],
            [
              125.0,
              40.0
            ],
            [
              110.0,
              40.0
            ],
            [
              110.0,
              20.0
            ]
          ]
        ]
      },
      "properties": {
        "region": "China East Coast & Taiwan [coarse]",
        "category": "Predicted currents (astronomical, no weather)",
        "provider": "Underlying FES2014 data: Copyright \u00a9 2014-ongoing Legos/Noveltis/Cnes/CLS. Derived database packaging: see repository license.",
        "description": "FES2014-derived tidal current database generated by signalk-router-data scripts (https://github.com/marcelrv/signalk-router-data). The underlying FES2014 model is produced by Noveltis, Legos and CLS and distributed by AVISO+. This derived dataset is NOT endorsed by, affiliated with, or supported by AVISO, CNES, or any FES2014 copyright owner. To download or review the raw global FES2014 dataset, visit AVISO+ at: https://www.aviso.altimetry.fr/en/data/products/auxiliary-products/global-tide-fes.html",
        "info_url": "https://www.aviso.altimetry.fr/en/data/products/auxiliary-products/global-tide-fes.html",
        "stroke": "#f59e0b",
        "stroke-width": 1,
        "stroke-opacity": 0.7,
        "fill": "#f59e0b",
        "fill-opacity": 0.1
      }
    },
    {
      "type": "Feature",
      "geometry": {
        "type": "Polygon",
        "coordinates": [
          [
            [
              -118.0,
              22.0
            ],
            [
              -105.0,
              22.0
            ],
            [
              -105.0,
              32.0
            ],
            [
              -118.0,
              32.0
            ],
            [
              -118.0,
              22.0
            ]
          ]
        ]
      },
      "properties": {
        "region": "Gulf of California & Baja [coarse]",
        "category": "Predicted currents (astronomical, no weather)",
        "provider": "Underlying FES2014 data: Copyright \u00a9 2014-ongoing Legos/Noveltis/Cnes/CLS. Derived database packaging: see repository license.",
        "description": "FES2014-derived tidal current database generated by signalk-router-data scripts (https://github.com/marcelrv/signalk-router-data). The underlying FES2014 model is produced by Noveltis, Legos and CLS and distributed by AVISO+. This derived dataset is NOT endorsed by, affiliated with, or supported by AVISO, CNES, or any FES2014 copyright owner. To download or review the raw global FES2014 dataset, visit AVISO+ at: https://www.aviso.altimetry.fr/en/data/products/auxiliary-products/global-tide-fes.html",
        "info_url": "https://www.aviso.altimetry.fr/en/data/products/auxiliary-products/global-tide-fes.html",
        "stroke": "#f59e0b",
        "stroke-width": 1,
        "stroke-opacity": 0.7,
        "fill": "#f59e0b",
        "fill-opacity": 0.1
      }
    },
    {
      "type": "Feature",
      "geometry": {
        "type": "Polygon",
        "coordinates": [
          [
            [
              104.0,
              14.0
            ],
            [
              112.0,
              14.0
            ],
            [
              112.0,
              23.0
            ],
            [
              104.0,
              23.0
            ],
            [
              104.0,
              14.0
            ]
          ]
        ]
      },
      "properties": {
        "region": "Gulf of Tonkin & Vietnam Coast [coarse]",
        "category": "Predicted currents (astronomical, no weather)",
        "provider": "Underlying FES2014 data: Copyright \u00a9 2014-ongoing Legos/Noveltis/Cnes/CLS. Derived database packaging: see repository license.",
        "description": "FES2014-derived tidal current database generated by signalk-router-data scripts (https://github.com/marcelrv/signalk-router-data). The underlying FES2014 model is produced by Noveltis, Legos and CLS and distributed by AVISO+. This derived dataset is NOT endorsed by, affiliated with, or supported by AVISO, CNES, or any FES2014 copyright owner. To download or review the raw global FES2014 dataset, visit AVISO+ at: https://www.aviso.altimetry.fr/en/data/products/auxiliary-products/global-tide-fes.html",
        "info_url": "https://www.aviso.altimetry.fr/en/data/products/auxiliary-products/global-tide-fes.html",
        "stroke": "#f59e0b",
        "stroke-width": 1,
        "stroke-opacity": 0.7,
        "fill": "#f59e0b",
        "fill-opacity": 0.1
      }
    },
    {
      "type": "Feature",
      "geometry": {
        "type": "Polygon",
        "coordinates": [
          [
            [
              120.0,
              -10.0
            ],
            [
              146.0,
              -10.0
            ],
            [
              146.0,
              20.0
            ],
            [
              120.0,
              20.0
            ],
            [
              120.0,
              -10.0
            ]
          ]
        ]
      },
      "properties": {
        "region": "Philippines, Indonesia & Marianas",
        "category": "Predicted currents (astronomical, no weather)",
        "provider": "Underlying FES2014 data: Copyright \u00a9 2014-ongoing Legos/Noveltis/Cnes/CLS. Derived database packaging: see repository license.",
        "description": "FES2014-derived tidal current database generated by signalk-router-data scripts (https://github.com/marcelrv/signalk-router-data). The underlying FES2014 model is produced by Noveltis, Legos and CLS and distributed by AVISO+. This derived dataset is NOT endorsed by, affiliated with, or supported by AVISO, CNES, or any FES2014 copyright owner. To download or review the raw global FES2014 dataset, visit AVISO+ at: https://www.aviso.altimetry.fr/en/data/products/auxiliary-products/global-tide-fes.html",
        "info_url": "https://www.aviso.altimetry.fr/en/data/products/auxiliary-products/global-tide-fes.html",
        "stroke": "#f59e0b",
        "stroke-width": 1,
        "stroke-opacity": 0.7,
        "fill": "#f59e0b",
        "fill-opacity": 0.1
      }
    },
    {
      "type": "Feature",
      "geometry": {
        "type": "Polygon",
        "coordinates": [
          [
            [
              100.0,
              5.0
            ],
            [
              120.0,
              5.0
            ],
            [
              120.0,
              20.0
            ],
            [
              100.0,
              20.0
            ],
            [
              100.0,
              5.0
            ]
          ]
        ]
      },
      "properties": {
        "region": "South China Sea [coarse]",
        "category": "Predicted currents (astronomical, no weather)",
        "provider": "Underlying FES2014 data: Copyright \u00a9 2014-ongoing Legos/Noveltis/Cnes/CLS. Derived database packaging: see repository license.",
        "description": "FES2014-derived tidal current database generated by signalk-router-data scripts (https://github.com/marcelrv/signalk-router-data). The underlying FES2014 model is produced by Noveltis, Legos and CLS and distributed by AVISO+. This derived dataset is NOT endorsed by, affiliated with, or supported by AVISO, CNES, or any FES2014 copyright owner. To download or review the raw global FES2014 dataset, visit AVISO+ at: https://www.aviso.altimetry.fr/en/data/products/auxiliary-products/global-tide-fes.html",
        "info_url": "https://www.aviso.altimetry.fr/en/data/products/auxiliary-products/global-tide-fes.html",
        "stroke": "#f59e0b",
        "stroke-width": 1,
        "stroke-opacity": 0.7,
        "fill": "#f59e0b",
        "fill-opacity": 0.1
      }
    },
    {
      "type": "Feature",
      "geometry": {
        "type": "Polygon",
        "coordinates": [
          [
            [
              95.0,
              -10.0
            ],
            [
              120.0,
              -10.0
            ],
            [
              120.0,
              5.0
            ],
            [
              95.0,
              5.0
            ],
            [
              95.0,
              -10.0
            ]
          ]
        ]
      },
      "properties": {
        "region": "Western Indonesia [coarse]",
        "category": "Predicted currents (astronomical, no weather)",
        "provider": "Underlying FES2014 data: Copyright \u00a9 2014-ongoing Legos/Noveltis/Cnes/CLS. Derived database packaging: see repository license.",
        "description": "FES2014-derived tidal current database generated by signalk-router-data scripts (https://github.com/marcelrv/signalk-router-data). The underlying FES2014 model is produced by Noveltis, Legos and CLS and distributed by AVISO+. This derived dataset is NOT endorsed by, affiliated with, or supported by AVISO, CNES, or any FES2014 copyright owner. To download or review the raw global FES2014 dataset, visit AVISO+ at: https://www.aviso.altimetry.fr/en/data/products/auxiliary-products/global-tide-fes.html",
        "info_url": "https://www.aviso.altimetry.fr/en/data/products/auxiliary-products/global-tide-fes.html",
        "stroke": "#f59e0b",
        "stroke-width": 1,
        "stroke-opacity": 0.7,
        "fill": "#f59e0b",
        "fill-opacity": 0.1
      }
    },
    {
      "type": "Feature",
      "geometry": {
        "type": "Polygon",
        "coordinates": [
          [
            [
              -175.0,
              50.0
            ],
            [
              -155.0,
              50.0
            ],
            [
              -155.0,
              55.0
            ],
            [
              -175.0,
              55.0
            ],
            [
              -175.0,
              50.0
            ]
          ]
        ]
      },
      "properties": {
        "region": "Aleutian Islands & Passages [coarse]",
        "category": "Predicted currents (astronomical, no weather)",
        "provider": "Underlying FES2014 data: Copyright \u00a9 2014-ongoing Legos/Noveltis/Cnes/CLS. Derived database packaging: see repository license.",
        "description": "FES2014-derived tidal current database generated by signalk-router-data scripts (https://github.com/marcelrv/signalk-router-data). The underlying FES2014 model is produced by Noveltis, Legos and CLS and distributed by AVISO+. This derived dataset is NOT endorsed by, affiliated with, or supported by AVISO, CNES, or any FES2014 copyright owner. To download or review the raw global FES2014 dataset, visit AVISO+ at: https://www.aviso.altimetry.fr/en/data/products/auxiliary-products/global-tide-fes.html",
        "info_url": "https://www.aviso.altimetry.fr/en/data/products/auxiliary-products/global-tide-fes.html",
        "stroke": "#f59e0b",
        "stroke-width": 1,
        "stroke-opacity": 0.7,
        "fill": "#f59e0b",
        "fill-opacity": 0.1
      }
    },
    {
      "type": "Feature",
      "geometry": {
        "type": "Polygon",
        "coordinates": [
          [
            [
              155.0,
              55.0
            ],
            [
              -165.0,
              55.0
            ],
            [
              -165.0,
              65.0
            ],
            [
              155.0,
              65.0
            ],
            [
              155.0,
              55.0
            ]
          ]
        ]
      },
      "properties": {
        "region": "Bering Sea [coarse]",
        "category": "Predicted currents (astronomical, no weather)",
        "provider": "Underlying FES2014 data: Copyright \u00a9 2014-ongoing Legos/Noveltis/Cnes/CLS. Derived database packaging: see repository license.",
        "description": "FES2014-derived tidal current database generated by signalk-router-data scripts (https://github.com/marcelrv/signalk-router-data). The underlying FES2014 model is produced by Noveltis, Legos and CLS and distributed by AVISO+. This derived dataset is NOT endorsed by, affiliated with, or supported by AVISO, CNES, or any FES2014 copyright owner. To download or review the raw global FES2014 dataset, visit AVISO+ at: https://www.aviso.altimetry.fr/en/data/products/auxiliary-products/global-tide-fes.html",
        "info_url": "https://www.aviso.altimetry.fr/en/data/products/auxiliary-products/global-tide-fes.html",
        "stroke": "#f59e0b",
        "stroke-width": 1,
        "stroke-opacity": 0.7,
        "fill": "#f59e0b",
        "fill-opacity": 0.1
      }
    },
    {
      "type": "Feature",
      "geometry": {
        "type": "Polygon",
        "coordinates": [
          [
            [
              -125.0,
              30.0
            ],
            [
              -115.0,
              30.0
            ],
            [
              -115.0,
              42.0
            ],
            [
              -125.0,
              42.0
            ],
            [
              -125.0,
              30.0
            ]
          ]
        ]
      },
      "properties": {
        "region": "California Bight",
        "category": "Predicted currents (astronomical, no weather)",
        "provider": "Underlying FES2014 data: Copyright \u00a9 2014-ongoing Legos/Noveltis/Cnes/CLS. Derived database packaging: see repository license.",
        "description": "FES2014-derived tidal current database generated by signalk-router-data scripts (https://github.com/marcelrv/signalk-router-data). The underlying FES2014 model is produced by Noveltis, Legos and CLS and distributed by AVISO+. This derived dataset is NOT endorsed by, affiliated with, or supported by AVISO, CNES, or any FES2014 copyright owner. To download or review the raw global FES2014 dataset, visit AVISO+ at: https://www.aviso.altimetry.fr/en/data/products/auxiliary-products/global-tide-fes.html",
        "info_url": "https://www.aviso.altimetry.fr/en/data/products/auxiliary-products/global-tide-fes.html",
        "stroke": "#f59e0b",
        "stroke-width": 1,
        "stroke-opacity": 0.7,
        "fill": "#f59e0b",
        "fill-opacity": 0.1
      }
    },
    {
      "type": "Feature",
      "geometry": {
        "type": "Polygon",
        "coordinates": [
          [
            [
              -140.0,
              47.0
            ],
            [
              -122.0,
              47.0
            ],
            [
              -122.0,
              55.0
            ],
            [
              -140.0,
              55.0
            ],
            [
              -140.0,
              47.0
            ]
          ]
        ]
      },
      "properties": {
        "region": "British Columbia & SE Alaska [coarse]",
        "category": "Predicted currents (astronomical, no weather)",
        "provider": "Underlying FES2014 data: Copyright \u00a9 2014-ongoing Legos/Noveltis/Cnes/CLS. Derived database packaging: see repository license.",
        "description": "FES2014-derived tidal current database generated by signalk-router-data scripts (https://github.com/marcelrv/signalk-router-data). The underlying FES2014 model is produced by Noveltis, Legos and CLS and distributed by AVISO+. This derived dataset is NOT endorsed by, affiliated with, or supported by AVISO, CNES, or any FES2014 copyright owner. To download or review the raw global FES2014 dataset, visit AVISO+ at: https://www.aviso.altimetry.fr/en/data/products/auxiliary-products/global-tide-fes.html",
        "info_url": "https://www.aviso.altimetry.fr/en/data/products/auxiliary-products/global-tide-fes.html",
        "stroke": "#f59e0b",
        "stroke-width": 1,
        "stroke-opacity": 0.7,
        "fill": "#f59e0b",
        "fill-opacity": 0.1
      }
    },
    {
      "type": "Feature",
      "geometry": {
        "type": "Polygon",
        "coordinates": [
          [
            [
              -165.0,
              50.0
            ],
            [
              -135.0,
              50.0
            ],
            [
              -135.0,
              62.0
            ],
            [
              -165.0,
              62.0
            ],
            [
              -165.0,
              50.0
            ]
          ]
        ]
      },
      "properties": {
        "region": "Gulf of Alaska [coarse]",
        "category": "Predicted currents (astronomical, no weather)",
        "provider": "Underlying FES2014 data: Copyright \u00a9 2014-ongoing Legos/Noveltis/Cnes/CLS. Derived database packaging: see repository license.",
        "description": "FES2014-derived tidal current database generated by signalk-router-data scripts (https://github.com/marcelrv/signalk-router-data). The underlying FES2014 model is produced by Noveltis, Legos and CLS and distributed by AVISO+. This derived dataset is NOT endorsed by, affiliated with, or supported by AVISO, CNES, or any FES2014 copyright owner. To download or review the raw global FES2014 dataset, visit AVISO+ at: https://www.aviso.altimetry.fr/en/data/products/auxiliary-products/global-tide-fes.html",
        "info_url": "https://www.aviso.altimetry.fr/en/data/products/auxiliary-products/global-tide-fes.html",
        "stroke": "#f59e0b",
        "stroke-width": 1,
        "stroke-opacity": 0.7,
        "fill": "#f59e0b",
        "fill-opacity": 0.1
      }
    },
    {
      "type": "Feature",
      "geometry": {
        "type": "Polygon",
        "coordinates": [
          [
            [
              125.0,
              30.0
            ],
            [
              145.0,
              30.0
            ],
            [
              145.0,
              45.0
            ],
            [
              125.0,
              45.0
            ],
            [
              125.0,
              30.0
            ]
          ]
        ]
      },
      "properties": {
        "region": "Japan & Korea",
        "category": "Predicted currents (astronomical, no weather)",
        "provider": "Underlying FES2014 data: Copyright \u00a9 2014-ongoing Legos/Noveltis/Cnes/CLS. Derived database packaging: see repository license.",
        "description": "FES2014-derived tidal current database generated by signalk-router-data scripts (https://github.com/marcelrv/signalk-router-data). The underlying FES2014 model is produced by Noveltis, Legos and CLS and distributed by AVISO+. This derived dataset is NOT endorsed by, affiliated with, or supported by AVISO, CNES, or any FES2014 copyright owner. To download or review the raw global FES2014 dataset, visit AVISO+ at: https://www.aviso.altimetry.fr/en/data/products/auxiliary-products/global-tide-fes.html",
        "info_url": "https://www.aviso.altimetry.fr/en/data/products/auxiliary-products/global-tide-fes.html",
        "stroke": "#f59e0b",
        "stroke-width": 1,
        "stroke-opacity": 0.7,
        "fill": "#f59e0b",
        "fill-opacity": 0.1
      }
    },
    {
      "type": "Feature",
      "geometry": {
        "type": "Polygon",
        "coordinates": [
          [
            [
              -180.0,
              40.0
            ],
            [
              -150.0,
              40.0
            ],
            [
              -150.0,
              60.0
            ],
            [
              -180.0,
              60.0
            ],
            [
              -180.0,
              40.0
            ]
          ]
        ]
      },
      "properties": {
        "region": "North Pacific East [coarse]",
        "category": "Predicted currents (astronomical, no weather)",
        "provider": "Underlying FES2014 data: Copyright \u00a9 2014-ongoing Legos/Noveltis/Cnes/CLS. Derived database packaging: see repository license.",
        "description": "FES2014-derived tidal current database generated by signalk-router-data scripts (https://github.com/marcelrv/signalk-router-data). The underlying FES2014 model is produced by Noveltis, Legos and CLS and distributed by AVISO+. This derived dataset is NOT endorsed by, affiliated with, or supported by AVISO, CNES, or any FES2014 copyright owner. To download or review the raw global FES2014 dataset, visit AVISO+ at: https://www.aviso.altimetry.fr/en/data/products/auxiliary-products/global-tide-fes.html",
        "info_url": "https://www.aviso.altimetry.fr/en/data/products/auxiliary-products/global-tide-fes.html",
        "stroke": "#f59e0b",
        "stroke-width": 1,
        "stroke-opacity": 0.7,
        "fill": "#f59e0b",
        "fill-opacity": 0.1
      }
    },
    {
      "type": "Feature",
      "geometry": {
        "type": "Polygon",
        "coordinates": [
          [
            [
              -150.0,
              40.0
            ],
            [
              -120.0,
              40.0
            ],
            [
              -120.0,
              60.0
            ],
            [
              -150.0,
              60.0
            ],
            [
              -150.0,
              40.0
            ]
          ]
        ]
      },
      "properties": {
        "region": "North Pacific West [coarse]",
        "category": "Predicted currents (astronomical, no weather)",
        "provider": "Underlying FES2014 data: Copyright \u00a9 2014-ongoing Legos/Noveltis/Cnes/CLS. Derived database packaging: see repository license.",
        "description": "FES2014-derived tidal current database generated by signalk-router-data scripts (https://github.com/marcelrv/signalk-router-data). The underlying FES2014 model is produced by Noveltis, Legos and CLS and distributed by AVISO+. This derived dataset is NOT endorsed by, affiliated with, or supported by AVISO, CNES, or any FES2014 copyright owner. To download or review the raw global FES2014 dataset, visit AVISO+ at: https://www.aviso.altimetry.fr/en/data/products/auxiliary-products/global-tide-fes.html",
        "info_url": "https://www.aviso.altimetry.fr/en/data/products/auxiliary-products/global-tide-fes.html",
        "stroke": "#f59e0b",
        "stroke-width": 1,
        "stroke-opacity": 0.7,
        "fill": "#f59e0b",
        "fill-opacity": 0.1
      }
    },
    {
      "type": "Feature",
      "geometry": {
        "type": "Polygon",
        "coordinates": [
          [
            [
              130.0,
              40.0
            ],
            [
              160.0,
              40.0
            ],
            [
              160.0,
              55.0
            ],
            [
              130.0,
              55.0
            ],
            [
              130.0,
              40.0
            ]
          ]
        ]
      },
      "properties": {
        "region": "Northwest Pacific [coarse]",
        "category": "Predicted currents (astronomical, no weather)",
        "provider": "Underlying FES2014 data: Copyright \u00a9 2014-ongoing Legos/Noveltis/Cnes/CLS. Derived database packaging: see repository license.",
        "description": "FES2014-derived tidal current database generated by signalk-router-data scripts (https://github.com/marcelrv/signalk-router-data). The underlying FES2014 model is produced by Noveltis, Legos and CLS and distributed by AVISO+. This derived dataset is NOT endorsed by, affiliated with, or supported by AVISO, CNES, or any FES2014 copyright owner. To download or review the raw global FES2014 dataset, visit AVISO+ at: https://www.aviso.altimetry.fr/en/data/products/auxiliary-products/global-tide-fes.html",
        "info_url": "https://www.aviso.altimetry.fr/en/data/products/auxiliary-products/global-tide-fes.html",
        "stroke": "#f59e0b",
        "stroke-width": 1,
        "stroke-opacity": 0.7,
        "fill": "#f59e0b",
        "fill-opacity": 0.1
      }
    },
    {
      "type": "Feature",
      "geometry": {
        "type": "Polygon",
        "coordinates": [
          [
            [
              140.0,
              44.0
            ],
            [
              160.0,
              44.0
            ],
            [
              160.0,
              60.0
            ],
            [
              140.0,
              60.0
            ],
            [
              140.0,
              44.0
            ]
          ]
        ]
      },
      "properties": {
        "region": "Sea of Okhotsk & Kamchatka [coarse]",
        "category": "Predicted currents (astronomical, no weather)",
        "provider": "Underlying FES2014 data: Copyright \u00a9 2014-ongoing Legos/Noveltis/Cnes/CLS. Derived database packaging: see repository license.",
        "description": "FES2014-derived tidal current database generated by signalk-router-data scripts (https://github.com/marcelrv/signalk-router-data). The underlying FES2014 model is produced by Noveltis, Legos and CLS and distributed by AVISO+. This derived dataset is NOT endorsed by, affiliated with, or supported by AVISO, CNES, or any FES2014 copyright owner. To download or review the raw global FES2014 dataset, visit AVISO+ at: https://www.aviso.altimetry.fr/en/data/products/auxiliary-products/global-tide-fes.html",
        "info_url": "https://www.aviso.altimetry.fr/en/data/products/auxiliary-products/global-tide-fes.html",
        "stroke": "#f59e0b",
        "stroke-width": 1,
        "stroke-opacity": 0.7,
        "fill": "#f59e0b",
        "fill-opacity": 0.1
      }
    },
    {
      "type": "Feature",
      "geometry": {
        "type": "Polygon",
        "coordinates": [
          [
            [
              -135.0,
              30.0
            ],
            [
              -115.0,
              30.0
            ],
            [
              -115.0,
              50.0
            ],
            [
              -135.0,
              50.0
            ],
            [
              -135.0,
              30.0
            ]
          ]
        ]
      },
      "properties": {
        "region": "US West Coast",
        "category": "Predicted currents (astronomical, no weather)",
        "provider": "Underlying FES2014 data: Copyright \u00a9 2014-ongoing Legos/Noveltis/Cnes/CLS. Derived database packaging: see repository license.",
        "description": "FES2014-derived tidal current database generated by signalk-router-data scripts (https://github.com/marcelrv/signalk-router-data). The underlying FES2014 model is produced by Noveltis, Legos and CLS and distributed by AVISO+. This derived dataset is NOT endorsed by, affiliated with, or supported by AVISO, CNES, or any FES2014 copyright owner. To download or review the raw global FES2014 dataset, visit AVISO+ at: https://www.aviso.altimetry.fr/en/data/products/auxiliary-products/global-tide-fes.html",
        "info_url": "https://www.aviso.altimetry.fr/en/data/products/auxiliary-products/global-tide-fes.html",
        "stroke": "#f59e0b",
        "stroke-width": 1,
        "stroke-opacity": 0.7,
        "fill": "#f59e0b",
        "fill-opacity": 0.1
      }
    },
    {
      "type": "Feature",
      "geometry": {
        "type": "Polygon",
        "coordinates": [
          [
            [
              -158.63,
              19.77
            ],
            [
              -155.4,
              19.77
            ],
            [
              -155.4,
              22.23
            ],
            [
              -158.63,
              22.23
            ],
            [
              -158.63,
              19.77
            ]
          ]
        ]
      },
      "properties": {
        "region": "NOAA Tidal Currents \u2014 Hawaiian Islands",
        "category": "Predicted currents (astronomical, no weather)",
        "provider": "NOAA Center for Operational Oceanographic Products and Services (CO-OPS)",
        "description": "Harmonic tidal current predictions for 14 NOAA CO-OPS current stations, converted from the official NOAA harmonic constituents \u2014 subordinate stations are synthesized from their reference station's harmonics and NOAA's published flood/ebb offsets \u2014 by signalk-router-data scripts (https://github.com/marcelrv/signalk-router-data). Predictions are purely astronomical; actual currents can deviate with weather and river flow.",
        "info_url": "https://tidesandcurrents.noaa.gov/currents_info.html",
        "stroke": "#f59e0b",
        "stroke-width": 1,
        "stroke-opacity": 0.7,
        "fill": "#f59e0b",
        "fill-opacity": 0.1
      }
    },
    {
      "type": "Feature",
      "geometry": {
        "type": "Polygon",
        "coordinates": [
          [
            [
              -110.0,
              5.0
            ],
            [
              -75.0,
              5.0
            ],
            [
              -75.0,
              22.0
            ],
            [
              -110.0,
              22.0
            ],
            [
              -110.0,
              5.0
            ]
          ]
        ]
      },
      "properties": {
        "region": "Central America Pacific Coast [coarse]",
        "category": "Predicted currents (astronomical, no weather)",
        "provider": "Underlying FES2014 data: Copyright \u00a9 2014-ongoing Legos/Noveltis/Cnes/CLS. Derived database packaging: see repository license.",
        "description": "FES2014-derived tidal current database generated by signalk-router-data scripts (https://github.com/marcelrv/signalk-router-data). The underlying FES2014 model is produced by Noveltis, Legos and CLS and distributed by AVISO+. This derived dataset is NOT endorsed by, affiliated with, or supported by AVISO, CNES, or any FES2014 copyright owner. To download or review the raw global FES2014 dataset, visit AVISO+ at: https://www.aviso.altimetry.fr/en/data/products/auxiliary-products/global-tide-fes.html",
        "info_url": "https://www.aviso.altimetry.fr/en/data/products/auxiliary-products/global-tide-fes.html",
        "stroke": "#f59e0b",
        "stroke-width": 1,
        "stroke-opacity": 0.7,
        "fill": "#f59e0b",
        "fill-opacity": 0.1
      }
    },
    {
      "type": "Feature",
      "geometry": {
        "type": "Polygon",
        "coordinates": [
          [
            [
              -160.0,
              18.0
            ],
            [
              -155.0,
              18.0
            ],
            [
              -155.0,
              23.0
            ],
            [
              -160.0,
              23.0
            ],
            [
              -160.0,
              18.0
            ]
          ]
        ]
      },
      "properties": {
        "region": "Hawaiian Islands",
        "category": "Predicted currents (astronomical, no weather)",
        "provider": "Underlying FES2014 data: Copyright \u00a9 2014-ongoing Legos/Noveltis/Cnes/CLS. Derived database packaging: see repository license.",
        "description": "FES2014-derived tidal current database generated by signalk-router-data scripts (https://github.com/marcelrv/signalk-router-data). The underlying FES2014 model is produced by Noveltis, Legos and CLS and distributed by AVISO+. This derived dataset is NOT endorsed by, affiliated with, or supported by AVISO, CNES, or any FES2014 copyright owner. To download or review the raw global FES2014 dataset, visit AVISO+ at: https://www.aviso.altimetry.fr/en/data/products/auxiliary-products/global-tide-fes.html",
        "info_url": "https://www.aviso.altimetry.fr/en/data/products/auxiliary-products/global-tide-fes.html",
        "stroke": "#f59e0b",
        "stroke-width": 1,
        "stroke-opacity": 0.7,
        "fill": "#f59e0b",
        "fill-opacity": 0.1
      }
    },
    {
      "type": "Feature",
      "geometry": {
        "type": "Polygon",
        "coordinates": [
          [
            [
              140.0,
              -25.0
            ],
            [
              180.0,
              -25.0
            ],
            [
              180.0,
              8.0
            ],
            [
              140.0,
              8.0
            ],
            [
              140.0,
              -25.0
            ]
          ]
        ]
      },
      "properties": {
        "region": "Melanesia & Coral Sea [coarse]",
        "category": "Predicted currents (astronomical, no weather)",
        "provider": "Underlying FES2014 data: Copyright \u00a9 2014-ongoing Legos/Noveltis/Cnes/CLS. Derived database packaging: see repository license.",
        "description": "FES2014-derived tidal current database generated by signalk-router-data scripts (https://github.com/marcelrv/signalk-router-data). The underlying FES2014 model is produced by Noveltis, Legos and CLS and distributed by AVISO+. This derived dataset is NOT endorsed by, affiliated with, or supported by AVISO, CNES, or any FES2014 copyright owner. To download or review the raw global FES2014 dataset, visit AVISO+ at: https://www.aviso.altimetry.fr/en/data/products/auxiliary-products/global-tide-fes.html",
        "info_url": "https://www.aviso.altimetry.fr/en/data/products/auxiliary-products/global-tide-fes.html",
        "stroke": "#f59e0b",
        "stroke-width": 1,
        "stroke-opacity": 0.7,
        "fill": "#f59e0b",
        "fill-opacity": 0.1
      }
    },
    {
      "type": "Feature",
      "geometry": {
        "type": "Polygon",
        "coordinates": [
          [
            [
              170.0,
              -20.0
            ],
            [
              -170.0,
              -20.0
            ],
            [
              -170.0,
              10.0
            ],
            [
              170.0,
              10.0
            ],
            [
              170.0,
              -20.0
            ]
          ]
        ]
      },
      "properties": {
        "region": "Pacific Islands & Micronesia [coarse]",
        "category": "Predicted currents (astronomical, no weather)",
        "provider": "Underlying FES2014 data: Copyright \u00a9 2014-ongoing Legos/Noveltis/Cnes/CLS. Derived database packaging: see repository license.",
        "description": "FES2014-derived tidal current database generated by signalk-router-data scripts (https://github.com/marcelrv/signalk-router-data). The underlying FES2014 model is produced by Noveltis, Legos and CLS and distributed by AVISO+. This derived dataset is NOT endorsed by, affiliated with, or supported by AVISO, CNES, or any FES2014 copyright owner. To download or review the raw global FES2014 dataset, visit AVISO+ at: https://www.aviso.altimetry.fr/en/data/products/auxiliary-products/global-tide-fes.html",
        "info_url": "https://www.aviso.altimetry.fr/en/data/products/auxiliary-products/global-tide-fes.html",
        "stroke": "#f59e0b",
        "stroke-width": 1,
        "stroke-opacity": 0.7,
        "fill": "#f59e0b",
        "fill-opacity": 0.1
      }
    },
    {
      "type": "Feature",
      "geometry": {
        "type": "Polygon",
        "coordinates": [
          [
            [
              150.0,
              -47.0
            ],
            [
              180.0,
              -47.0
            ],
            [
              180.0,
              -10.0
            ],
            [
              150.0,
              -10.0
            ],
            [
              150.0,
              -47.0
            ]
          ]
        ]
      },
      "properties": {
        "region": "Eastern Australia & New Zealand [coarse]",
        "category": "Predicted currents (astronomical, no weather)",
        "provider": "Underlying FES2014 data: Copyright \u00a9 2014-ongoing Legos/Noveltis/Cnes/CLS. Derived database packaging: see repository license.",
        "description": "FES2014-derived tidal current database generated by signalk-router-data scripts (https://github.com/marcelrv/signalk-router-data). The underlying FES2014 model is produced by Noveltis, Legos and CLS and distributed by AVISO+. This derived dataset is NOT endorsed by, affiliated with, or supported by AVISO, CNES, or any FES2014 copyright owner. To download or review the raw global FES2014 dataset, visit AVISO+ at: https://www.aviso.altimetry.fr/en/data/products/auxiliary-products/global-tide-fes.html",
        "info_url": "https://www.aviso.altimetry.fr/en/data/products/auxiliary-products/global-tide-fes.html",
        "stroke": "#f59e0b",
        "stroke-width": 1,
        "stroke-opacity": 0.7,
        "fill": "#f59e0b",
        "fill-opacity": 0.1
      }
    },
    {
      "type": "Feature",
      "geometry": {
        "type": "Polygon",
        "coordinates": [
          [
            [
              -92.0,
              -55.0
            ],
            [
              -70.0,
              -55.0
            ],
            [
              -70.0,
              5.0
            ],
            [
              -92.0,
              5.0
            ],
            [
              -92.0,
              -55.0
            ]
          ]
        ]
      },
      "properties": {
        "region": "South America Pacific & Galapagos [coarse]",
        "category": "Predicted currents (astronomical, no weather)",
        "provider": "Underlying FES2014 data: Copyright \u00a9 2014-ongoing Legos/Noveltis/Cnes/CLS. Derived database packaging: see repository license.",
        "description": "FES2014-derived tidal current database generated by signalk-router-data scripts (https://github.com/marcelrv/signalk-router-data). The underlying FES2014 model is produced by Noveltis, Legos and CLS and distributed by AVISO+. This derived dataset is NOT endorsed by, affiliated with, or supported by AVISO, CNES, or any FES2014 copyright owner. To download or review the raw global FES2014 dataset, visit AVISO+ at: https://www.aviso.altimetry.fr/en/data/products/auxiliary-products/global-tide-fes.html",
        "info_url": "https://www.aviso.altimetry.fr/en/data/products/auxiliary-products/global-tide-fes.html",
        "stroke": "#f59e0b",
        "stroke-width": 1,
        "stroke-opacity": 0.7,
        "fill": "#f59e0b",
        "fill-opacity": 0.1
      }
    },
    {
      "type": "Feature",
      "geometry": {
        "type": "Polygon",
        "coordinates": [
          [
            [
              -75.0,
              -50.0
            ],
            [
              110.0,
              -50.0
            ],
            [
              110.0,
              -10.0
            ],
            [
              -75.0,
              -10.0
            ],
            [
              -75.0,
              -50.0
            ]
          ]
        ]
      },
      "properties": {
        "region": "Central South Pacific [coarse]",
        "category": "Predicted currents (astronomical, no weather)",
        "provider": "Underlying FES2014 data: Copyright \u00a9 2014-ongoing Legos/Noveltis/Cnes/CLS. Derived database packaging: see repository license.",
        "description": "FES2014-derived tidal current database generated by signalk-router-data scripts (https://github.com/marcelrv/signalk-router-data). The underlying FES2014 model is produced by Noveltis, Legos and CLS and distributed by AVISO+. This derived dataset is NOT endorsed by, affiliated with, or supported by AVISO, CNES, or any FES2014 copyright owner. To download or review the raw global FES2014 dataset, visit AVISO+ at: https://www.aviso.altimetry.fr/en/data/products/auxiliary-products/global-tide-fes.html",
        "info_url": "https://www.aviso.altimetry.fr/en/data/products/auxiliary-products/global-tide-fes.html",
        "stroke": "#f59e0b",
        "stroke-width": 1,
        "stroke-opacity": 0.7,
        "fill": "#f59e0b",
        "fill-opacity": 0.1
      }
    },
    {
      "type": "Feature",
      "geometry": {
        "type": "Polygon",
        "coordinates": [
          [
            [
              -180.0,
              -50.0
            ],
            [
              -75.0,
              -50.0
            ],
            [
              -75.0,
              -10.0
            ],
            [
              -180.0,
              -10.0
            ],
            [
              -180.0,
              -50.0
            ]
          ]
        ]
      },
      "properties": {
        "region": "South Pacific East [coarse]",
        "category": "Predicted currents (astronomical, no weather)",
        "provider": "Underlying FES2014 data: Copyright \u00a9 2014-ongoing Legos/Noveltis/Cnes/CLS. Derived database packaging: see repository license.",
        "description": "FES2014-derived tidal current database generated by signalk-router-data scripts (https://github.com/marcelrv/signalk-router-data). The underlying FES2014 model is produced by Noveltis, Legos and CLS and distributed by AVISO+. This derived dataset is NOT endorsed by, affiliated with, or supported by AVISO, CNES, or any FES2014 copyright owner. To download or review the raw global FES2014 dataset, visit AVISO+ at: https://www.aviso.altimetry.fr/en/data/products/auxiliary-products/global-tide-fes.html",
        "info_url": "https://www.aviso.altimetry.fr/en/data/products/auxiliary-products/global-tide-fes.html",
        "stroke": "#f59e0b",
        "stroke-width": 1,
        "stroke-opacity": 0.7,
        "fill": "#f59e0b",
        "fill-opacity": 0.1
      }
    },
    {
      "type": "Feature",
      "geometry": {
        "type": "Polygon",
        "coordinates": [
          [
            [
              140.0,
              -44.0
            ],
            [
              150.0,
              -44.0
            ],
            [
              150.0,
              -40.0
            ],
            [
              140.0,
              -40.0
            ],
            [
              140.0,
              -44.0
            ]
          ]
        ]
      },
      "properties": {
        "region": "Bass Strait & Tasmania [coarse]",
        "category": "Predicted currents (astronomical, no weather)",
        "provider": "Underlying FES2014 data: Copyright \u00a9 2014-ongoing Legos/Noveltis/Cnes/CLS. Derived database packaging: see repository license.",
        "description": "FES2014-derived tidal current database generated by signalk-router-data scripts (https://github.com/marcelrv/signalk-router-data). The underlying FES2014 model is produced by Noveltis, Legos and CLS and distributed by AVISO+. This derived dataset is NOT endorsed by, affiliated with, or supported by AVISO, CNES, or any FES2014 copyright owner. To download or review the raw global FES2014 dataset, visit AVISO+ at: https://www.aviso.altimetry.fr/en/data/products/auxiliary-products/global-tide-fes.html",
        "info_url": "https://www.aviso.altimetry.fr/en/data/products/auxiliary-products/global-tide-fes.html",
        "stroke": "#f59e0b",
        "stroke-width": 1,
        "stroke-opacity": 0.7,
        "fill": "#f59e0b",
        "fill-opacity": 0.1
      }
    },
    {
      "type": "Feature",
      "geometry": {
        "type": "Polygon",
        "coordinates": [
          [
            [
              110.0,
              -47.0
            ],
            [
              150.0,
              -47.0
            ],
            [
              150.0,
              -10.0
            ],
            [
              110.0,
              -10.0
            ],
            [
              110.0,
              -47.0
            ]
          ]
        ]
      },
      "properties": {
        "region": "Western & South Australia [coarse]",
        "category": "Predicted currents (astronomical, no weather)",
        "provider": "Underlying FES2014 data: Copyright \u00a9 2014-ongoing Legos/Noveltis/Cnes/CLS. Derived database packaging: see repository license.",
        "description": "FES2014-derived tidal current database generated by signalk-router-data scripts (https://github.com/marcelrv/signalk-router-data). The underlying FES2014 model is produced by Noveltis, Legos and CLS and distributed by AVISO+. This derived dataset is NOT endorsed by, affiliated with, or supported by AVISO, CNES, or any FES2014 copyright owner. To download or review the raw global FES2014 dataset, visit AVISO+ at: https://www.aviso.altimetry.fr/en/data/products/auxiliary-products/global-tide-fes.html",
        "info_url": "https://www.aviso.altimetry.fr/en/data/products/auxiliary-products/global-tide-fes.html",
        "stroke": "#f59e0b",
        "stroke-width": 1,
        "stroke-opacity": 0.7,
        "fill": "#f59e0b",
        "fill-opacity": 0.1
      }
    },
    {
      "type": "Feature",
      "geometry": {
        "type": "Polygon",
        "coordinates": [
          [
            [
              -3.92,
              48.6
            ],
            [
              8.92,
              48.6
            ],
            [
              8.92,
              60.65
            ],
            [
              -3.92,
              60.65
            ],
            [
              -3.92,
              48.6
            ]
          ]
        ]
      },
      "properties": {
        "region": "North Sea",
        "category": "Forecast currents (tide + weather)",
        "provider": "BSH (Bundesamt f\u00fcr Seeschifffahrt und Hydrographie)",
        "description": "North Sea coarse grid",
        "info_url": "https://www.bsh.de/EN/DATA/Predictions/Currents/Surface_currents_for_sailors/surface_currents_for_sailors_node.html",
        "stroke": "#22c55e",
        "stroke-width": 1,
        "stroke-opacity": 0.7,
        "fill": "#22c55e",
        "fill-opacity": 0.45
      }
    },
    {
      "type": "Feature",
      "geometry": {
        "type": "Polygon",
        "coordinates": [
          [
            [
              -3.92,
              48.6
            ],
            [
              8.92,
              48.6
            ],
            [
              8.92,
              60.65
            ],
            [
              -3.92,
              60.65
            ],
            [
              -3.92,
              48.6
            ]
          ]
        ]
      },
      "properties": {
        "region": "North Sea",
        "category": "Forecast currents (tide + weather)",
        "provider": "BSH (Bundesamt f\u00fcr Seeschifffahrt und Hydrographie)",
        "description": "North Sea coarse grid",
        "info_url": "https://www.bsh.de/EN/DATA/Predictions/Currents/Surface_currents_for_sailors/surface_currents_for_sailors_node.html",
        "stroke": "#22c55e",
        "stroke-width": 1,
        "stroke-opacity": 0.7,
        "fill": "#22c55e",
        "fill-opacity": 0.45
      }
    },
    {
      "type": "Feature",
      "geometry": {
        "type": "Polygon",
        "coordinates": [
          [
            [
              -3.92,
              48.6
            ],
            [
              8.92,
              48.6
            ],
            [
              8.92,
              60.65
            ],
            [
              -3.92,
              60.65
            ],
            [
              -3.92,
              48.6
            ]
          ]
        ]
      },
      "properties": {
        "region": "North Sea",
        "category": "Forecast currents (tide + weather)",
        "provider": "BSH (Bundesamt f\u00fcr Seeschifffahrt und Hydrographie)",
        "description": "North Sea coarse grid",
        "info_url": "https://www.bsh.de/EN/DATA/Predictions/Currents/Surface_currents_for_sailors/surface_currents_for_sailors_node.html",
        "stroke": "#22c55e",
        "stroke-width": 1,
        "stroke-opacity": 0.7,
        "fill": "#22c55e",
        "fill-opacity": 0.45
      }
    },
    {
      "type": "Feature",
      "geometry": {
        "type": "Polygon",
        "coordinates": [
          [
            [
              6.167,
              53.225
            ],
            [
              9.5,
              53.225
            ],
            [
              9.5,
              56.45
            ],
            [
              6.167,
              56.45
            ],
            [
              6.167,
              53.225
            ]
          ]
        ]
      },
      "properties": {
        "region": "German Bight",
        "category": "Forecast currents (tide + weather)",
        "provider": "BSH (Bundesamt f\u00fcr Seeschifffahrt und Hydrographie)",
        "description": "German Bight fine grid",
        "info_url": "https://www.bsh.de/EN/DATA/Predictions/Currents/Surface_currents_for_sailors/surface_currents_for_sailors_node.html",
        "stroke": "#22c55e",
        "stroke-width": 1,
        "stroke-opacity": 0.7,
        "fill": "#22c55e",
        "fill-opacity": 0.45
      }
    },
    {
      "type": "Feature",
      "geometry": {
        "type": "Polygon",
        "coordinates": [
          [
            [
              6.167,
              53.225
            ],
            [
              9.5,
              53.225
            ],
            [
              9.5,
              56.45
            ],
            [
              6.167,
              56.45
            ],
            [
              6.167,
              53.225
            ]
          ]
        ]
      },
      "properties": {
        "region": "German Bight",
        "category": "Forecast currents (tide + weather)",
        "provider": "BSH (Bundesamt f\u00fcr Seeschifffahrt und Hydrographie)",
        "description": "German Bight fine grid",
        "info_url": "https://www.bsh.de/EN/DATA/Predictions/Currents/Surface_currents_for_sailors/surface_currents_for_sailors_node.html",
        "stroke": "#22c55e",
        "stroke-width": 1,
        "stroke-opacity": 0.7,
        "fill": "#22c55e",
        "fill-opacity": 0.45
      }
    },
    {
      "type": "Feature",
      "geometry": {
        "type": "Polygon",
        "coordinates": [
          [
            [
              6.167,
              53.225
            ],
            [
              9.5,
              53.225
            ],
            [
              9.5,
              56.45
            ],
            [
              6.167,
              56.45
            ],
            [
              6.167,
              53.225
            ]
          ]
        ]
      },
      "properties": {
        "region": "German Bight",
        "category": "Forecast currents (tide + weather)",
        "provider": "BSH (Bundesamt f\u00fcr Seeschifffahrt und Hydrographie)",
        "description": "German Bight fine grid",
        "info_url": "https://www.bsh.de/EN/DATA/Predictions/Currents/Surface_currents_for_sailors/surface_currents_for_sailors_node.html",
        "stroke": "#22c55e",
        "stroke-width": 1,
        "stroke-opacity": 0.7,
        "fill": "#22c55e",
        "fill-opacity": 0.45
      }
    },
    {
      "type": "Feature",
      "geometry": {
        "type": "Polygon",
        "coordinates": [
          [
            [
              7.75,
              53.225
            ],
            [
              9.0,
              53.225
            ],
            [
              9.0,
              54.25
            ],
            [
              7.75,
              54.25
            ],
            [
              7.75,
              53.225
            ]
          ]
        ]
      },
      "properties": {
        "region": "Inner German Bight",
        "category": "Forecast currents (tide + weather)",
        "provider": "BSH (Bundesamt f\u00fcr Seeschifffahrt und Hydrographie)",
        "description": "Inner German Bight fine grid",
        "info_url": "https://www.bsh.de/EN/DATA/Predictions/Currents/Surface_currents_for_sailors/surface_currents_for_sailors_node.html",
        "stroke": "#22c55e",
        "stroke-width": 1,
        "stroke-opacity": 0.7,
        "fill": "#22c55e",
        "fill-opacity": 0.45
      }
    },
    {
      "type": "Feature",
      "geometry": {
        "type": "Polygon",
        "coordinates": [
          [
            [
              7.75,
              53.225
            ],
            [
              9.0,
              53.225
            ],
            [
              9.0,
              54.25
            ],
            [
              7.75,
              54.25
            ],
            [
              7.75,
              53.225
            ]
          ]
        ]
      },
      "properties": {
        "region": "Inner German Bight",
        "category": "Forecast currents (tide + weather)",
        "provider": "BSH (Bundesamt f\u00fcr Seeschifffahrt und Hydrographie)",
        "description": "Inner German Bight fine grid",
        "info_url": "https://www.bsh.de/EN/DATA/Predictions/Currents/Surface_currents_for_sailors/surface_currents_for_sailors_node.html",
        "stroke": "#22c55e",
        "stroke-width": 1,
        "stroke-opacity": 0.7,
        "fill": "#22c55e",
        "fill-opacity": 0.45
      }
    },
    {
      "type": "Feature",
      "geometry": {
        "type": "Polygon",
        "coordinates": [
          [
            [
              7.75,
              53.225
            ],
            [
              9.0,
              53.225
            ],
            [
              9.0,
              54.25
            ],
            [
              7.75,
              54.25
            ],
            [
              7.75,
              53.225
            ]
          ]
        ]
      },
      "properties": {
        "region": "Inner German Bight",
        "category": "Forecast currents (tide + weather)",
        "provider": "BSH (Bundesamt f\u00fcr Seeschifffahrt und Hydrographie)",
        "description": "Inner German Bight fine grid",
        "info_url": "https://www.bsh.de/EN/DATA/Predictions/Currents/Surface_currents_for_sailors/surface_currents_for_sailors_node.html",
        "stroke": "#22c55e",
        "stroke-width": 1,
        "stroke-opacity": 0.7,
        "fill": "#22c55e",
        "fill-opacity": 0.45
      }
    },
    {
      "type": "Feature",
      "geometry": {
        "type": "Polygon",
        "coordinates": [
          [
            [
              7.75,
              54.242
            ],
            [
              9.0,
              54.242
            ],
            [
              9.0,
              55.25
            ],
            [
              7.75,
              55.25
            ],
            [
              7.75,
              54.242
            ]
          ]
        ]
      },
      "properties": {
        "region": "North Frisian Islands",
        "category": "Forecast currents (tide + weather)",
        "provider": "BSH (Bundesamt f\u00fcr Seeschifffahrt und Hydrographie)",
        "description": "Area of North Frisian Islands fine grid",
        "info_url": "https://www.bsh.de/EN/DATA/Predictions/Currents/Surface_currents_for_sailors/surface_currents_for_sailors_node.html",
        "stroke": "#22c55e",
        "stroke-width": 1,
        "stroke-opacity": 0.7,
        "fill": "#22c55e",
        "fill-opacity": 0.45
      }
    },
    {
      "type": "Feature",
      "geometry": {
        "type": "Polygon",
        "coordinates": [
          [
            [
              7.75,
              54.242
            ],
            [
              9.0,
              54.242
            ],
            [
              9.0,
              55.25
            ],
            [
              7.75,
              55.25
            ],
            [
              7.75,
              54.242
            ]
          ]
        ]
      },
      "properties": {
        "region": "North Frisian Islands",
        "category": "Forecast currents (tide + weather)",
        "provider": "BSH (Bundesamt f\u00fcr Seeschifffahrt und Hydrographie)",
        "description": "Area of North Frisian Islands fine grid",
        "info_url": "https://www.bsh.de/EN/DATA/Predictions/Currents/Surface_currents_for_sailors/surface_currents_for_sailors_node.html",
        "stroke": "#22c55e",
        "stroke-width": 1,
        "stroke-opacity": 0.7,
        "fill": "#22c55e",
        "fill-opacity": 0.45
      }
    },
    {
      "type": "Feature",
      "geometry": {
        "type": "Polygon",
        "coordinates": [
          [
            [
              7.75,
              54.242
            ],
            [
              9.0,
              54.242
            ],
            [
              9.0,
              55.25
            ],
            [
              7.75,
              55.25
            ],
            [
              7.75,
              54.242
            ]
          ]
        ]
      },
      "properties": {
        "region": "North Frisian Islands",
        "category": "Forecast currents (tide + weather)",
        "provider": "BSH (Bundesamt f\u00fcr Seeschifffahrt und Hydrographie)",
        "description": "Area of North Frisian Islands fine grid",
        "info_url": "https://www.bsh.de/EN/DATA/Predictions/Currents/Surface_currents_for_sailors/surface_currents_for_sailors_node.html",
        "stroke": "#22c55e",
        "stroke-width": 1,
        "stroke-opacity": 0.7,
        "fill": "#22c55e",
        "fill-opacity": 0.45
      }
    },
    {
      "type": "Feature",
      "geometry": {
        "type": "Polygon",
        "coordinates": [
          [
            [
              6.167,
              53.225
            ],
            [
              7.75,
              53.225
            ],
            [
              7.75,
              54.25
            ],
            [
              6.167,
              54.25
            ],
            [
              6.167,
              53.225
            ]
          ]
        ]
      },
      "properties": {
        "region": "East Frisian Islands",
        "category": "Forecast currents (tide + weather)",
        "provider": "BSH (Bundesamt f\u00fcr Seeschifffahrt und Hydrographie)",
        "description": "Area of East Frisian Islands fine grid",
        "info_url": "https://www.bsh.de/EN/DATA/Predictions/Currents/Surface_currents_for_sailors/surface_currents_for_sailors_node.html",
        "stroke": "#22c55e",
        "stroke-width": 1,
        "stroke-opacity": 0.7,
        "fill": "#22c55e",
        "fill-opacity": 0.45
      }
    },
    {
      "type": "Feature",
      "geometry": {
        "type": "Polygon",
        "coordinates": [
          [
            [
              6.167,
              53.225
            ],
            [
              7.75,
              53.225
            ],
            [
              7.75,
              54.25
            ],
            [
              6.167,
              54.25
            ],
            [
              6.167,
              53.225
            ]
          ]
        ]
      },
      "properties": {
        "region": "East Frisian Islands",
        "category": "Forecast currents (tide + weather)",
        "provider": "BSH (Bundesamt f\u00fcr Seeschifffahrt und Hydrographie)",
        "description": "Area of East Frisian Islands fine grid",
        "info_url": "https://www.bsh.de/EN/DATA/Predictions/Currents/Surface_currents_for_sailors/surface_currents_for_sailors_node.html",
        "stroke": "#22c55e",
        "stroke-width": 1,
        "stroke-opacity": 0.7,
        "fill": "#22c55e",
        "fill-opacity": 0.45
      }
    },
    {
      "type": "Feature",
      "geometry": {
        "type": "Polygon",
        "coordinates": [
          [
            [
              6.167,
              53.225
            ],
            [
              7.75,
              53.225
            ],
            [
              7.75,
              54.25
            ],
            [
              6.167,
              54.25
            ],
            [
              6.167,
              53.225
            ]
          ]
        ]
      },
      "properties": {
        "region": "East Frisian Islands",
        "category": "Forecast currents (tide + weather)",
        "provider": "BSH (Bundesamt f\u00fcr Seeschifffahrt und Hydrographie)",
        "description": "Area of East Frisian Islands fine grid",
        "info_url": "https://www.bsh.de/EN/DATA/Predictions/Currents/Surface_currents_for_sailors/surface_currents_for_sailors_node.html",
        "stroke": "#22c55e",
        "stroke-width": 1,
        "stroke-opacity": 0.7,
        "fill": "#22c55e",
        "fill-opacity": 0.45
      }
    },
    {
      "type": "Feature",
      "geometry": {
        "type": "Polygon",
        "coordinates": [
          [
            [
              8.917,
              53.6
            ],
            [
              30.25,
              53.6
            ],
            [
              30.25,
              65.85
            ],
            [
              8.917,
              65.85
            ],
            [
              8.917,
              53.6
            ]
          ]
        ]
      },
      "properties": {
        "region": "Baltic Sea",
        "category": "Forecast currents (tide + weather)",
        "provider": "BSH (Bundesamt f\u00fcr Seeschifffahrt und Hydrographie)",
        "description": "Baltic Sea coarse grid",
        "info_url": "https://www.bsh.de/EN/DATA/Predictions/Currents/Surface_currents_for_sailors/surface_currents_for_sailors_node.html",
        "stroke": "#22c55e",
        "stroke-width": 1,
        "stroke-opacity": 0.7,
        "fill": "#22c55e",
        "fill-opacity": 0.45
      }
    },
    {
      "type": "Feature",
      "geometry": {
        "type": "Polygon",
        "coordinates": [
          [
            [
              8.917,
              53.6
            ],
            [
              30.25,
              53.6
            ],
            [
              30.25,
              65.85
            ],
            [
              8.917,
              65.85
            ],
            [
              8.917,
              53.6
            ]
          ]
        ]
      },
      "properties": {
        "region": "Baltic Sea",
        "category": "Forecast currents (tide + weather)",
        "provider": "BSH (Bundesamt f\u00fcr Seeschifffahrt und Hydrographie)",
        "description": "Baltic Sea coarse grid",
        "info_url": "https://www.bsh.de/EN/DATA/Predictions/Currents/Surface_currents_for_sailors/surface_currents_for_sailors_node.html",
        "stroke": "#22c55e",
        "stroke-width": 1,
        "stroke-opacity": 0.7,
        "fill": "#22c55e",
        "fill-opacity": 0.45
      }
    },
    {
      "type": "Feature",
      "geometry": {
        "type": "Polygon",
        "coordinates": [
          [
            [
              8.917,
              53.6
            ],
            [
              30.25,
              53.6
            ],
            [
              30.25,
              65.85
            ],
            [
              8.917,
              65.85
            ],
            [
              8.917,
              53.6
            ]
          ]
        ]
      },
      "properties": {
        "region": "Baltic Sea",
        "category": "Forecast currents (tide + weather)",
        "provider": "BSH (Bundesamt f\u00fcr Seeschifffahrt und Hydrographie)",
        "description": "Baltic Sea coarse grid",
        "info_url": "https://www.bsh.de/EN/DATA/Predictions/Currents/Surface_currents_for_sailors/surface_currents_for_sailors_node.html",
        "stroke": "#22c55e",
        "stroke-width": 1,
        "stroke-opacity": 0.7,
        "fill": "#22c55e",
        "fill-opacity": 0.45
      }
    },
    {
      "type": "Feature",
      "geometry": {
        "type": "Polygon",
        "coordinates": [
          [
            [
              9.194,
              53.225
            ],
            [
              14.917,
              53.225
            ],
            [
              14.917,
              56.45
            ],
            [
              9.194,
              56.45
            ],
            [
              9.194,
              53.225
            ]
          ]
        ]
      },
      "properties": {
        "region": "Western Baltic Sea",
        "category": "Forecast currents (tide + weather)",
        "provider": "BSH (Bundesamt f\u00fcr Seeschifffahrt und Hydrographie)",
        "description": "Western Baltic Sea fine grid",
        "info_url": "https://www.bsh.de/EN/DATA/Predictions/Currents/Surface_currents_for_sailors/surface_currents_for_sailors_node.html",
        "stroke": "#22c55e",
        "stroke-width": 1,
        "stroke-opacity": 0.7,
        "fill": "#22c55e",
        "fill-opacity": 0.45
      }
    },
    {
      "type": "Feature",
      "geometry": {
        "type": "Polygon",
        "coordinates": [
          [
            [
              9.194,
              53.225
            ],
            [
              14.917,
              53.225
            ],
            [
              14.917,
              56.45
            ],
            [
              9.194,
              56.45
            ],
            [
              9.194,
              53.225
            ]
          ]
        ]
      },
      "properties": {
        "region": "Western Baltic Sea",
        "category": "Forecast currents (tide + weather)",
        "provider": "BSH (Bundesamt f\u00fcr Seeschifffahrt und Hydrographie)",
        "description": "Western Baltic Sea fine grid",
        "info_url": "https://www.bsh.de/EN/DATA/Predictions/Currents/Surface_currents_for_sailors/surface_currents_for_sailors_node.html",
        "stroke": "#22c55e",
        "stroke-width": 1,
        "stroke-opacity": 0.7,
        "fill": "#22c55e",
        "fill-opacity": 0.45
      }
    },
    {
      "type": "Feature",
      "geometry": {
        "type": "Polygon",
        "coordinates": [
          [
            [
              9.194,
              53.225
            ],
            [
              14.917,
              53.225
            ],
            [
              14.917,
              56.45
            ],
            [
              9.194,
              56.45
            ],
            [
              9.194,
              53.225
            ]
          ]
        ]
      },
      "properties": {
        "region": "Western Baltic Sea",
        "category": "Forecast currents (tide + weather)",
        "provider": "BSH (Bundesamt f\u00fcr Seeschifffahrt und Hydrographie)",
        "description": "Western Baltic Sea fine grid",
        "info_url": "https://www.bsh.de/EN/DATA/Predictions/Currents/Surface_currents_for_sailors/surface_currents_for_sailors_node.html",
        "stroke": "#22c55e",
        "stroke-width": 1,
        "stroke-opacity": 0.7,
        "fill": "#22c55e",
        "fill-opacity": 0.45
      }
    },
    {
      "type": "Feature",
      "geometry": {
        "type": "Polygon",
        "coordinates": [
          [
            [
              9.833,
              54.3
            ],
            [
              11.333,
              54.3
            ],
            [
              11.333,
              54.833
            ],
            [
              9.833,
              54.833
            ],
            [
              9.833,
              54.3
            ]
          ]
        ]
      },
      "properties": {
        "region": "Kiel Bight",
        "category": "Forecast currents (tide + weather)",
        "provider": "BSH (Bundesamt f\u00fcr Seeschifffahrt und Hydrographie)",
        "description": "Kiel Bight fine grid",
        "info_url": "https://www.bsh.de/EN/DATA/Predictions/Currents/Surface_currents_for_sailors/surface_currents_for_sailors_node.html",
        "stroke": "#22c55e",
        "stroke-width": 1,
        "stroke-opacity": 0.7,
        "fill": "#22c55e",
        "fill-opacity": 0.45
      }
    },
    {
      "type": "Feature",
      "geometry": {
        "type": "Polygon",
        "coordinates": [
          [
            [
              9.833,
              54.3
            ],
            [
              11.333,
              54.3
            ],
            [
              11.333,
              54.833
            ],
            [
              9.833,
              54.833
            ],
            [
              9.833,
              54.3
            ]
          ]
        ]
      },
      "properties": {
        "region": "Kiel Bight",
        "category": "Forecast currents (tide + weather)",
        "provider": "BSH (Bundesamt f\u00fcr Seeschifffahrt und Hydrographie)",
        "description": "Kiel Bight fine grid",
        "info_url": "https://www.bsh.de/EN/DATA/Predictions/Currents/Surface_currents_for_sailors/surface_currents_for_sailors_node.html",
        "stroke": "#22c55e",
        "stroke-width": 1,
        "stroke-opacity": 0.7,
        "fill": "#22c55e",
        "fill-opacity": 0.45
      }
    },
    {
      "type": "Feature",
      "geometry": {
        "type": "Polygon",
        "coordinates": [
          [
            [
              9.833,
              54.3
            ],
            [
              11.333,
              54.3
            ],
            [
              11.333,
              54.833
            ],
            [
              9.833,
              54.833
            ],
            [
              9.833,
              54.3
            ]
          ]
        ]
      },
      "properties": {
        "region": "Kiel Bight",
        "category": "Forecast currents (tide + weather)",
        "provider": "BSH (Bundesamt f\u00fcr Seeschifffahrt und Hydrographie)",
        "description": "Kiel Bight fine grid",
        "info_url": "https://www.bsh.de/EN/DATA/Predictions/Currents/Surface_currents_for_sailors/surface_currents_for_sailors_node.html",
        "stroke": "#22c55e",
        "stroke-width": 1,
        "stroke-opacity": 0.7,
        "fill": "#22c55e",
        "fill-opacity": 0.45
      }
    },
    {
      "type": "Feature",
      "geometry": {
        "type": "Polygon",
        "coordinates": [
          [
            [
              10.75,
              53.9
            ],
            [
              12.528,
              53.9
            ],
            [
              12.528,
              54.75
            ],
            [
              10.75,
              54.75
            ],
            [
              10.75,
              53.9
            ]
          ]
        ]
      },
      "properties": {
        "region": "L\u00fcbeck Bight",
        "category": "Forecast currents (tide + weather)",
        "provider": "BSH (Bundesamt f\u00fcr Seeschifffahrt und Hydrographie)",
        "description": "L\u00fcbeck Bight fine grid",
        "info_url": "https://www.bsh.de/EN/DATA/Predictions/Currents/Surface_currents_for_sailors/surface_currents_for_sailors_node.html",
        "stroke": "#22c55e",
        "stroke-width": 1,
        "stroke-opacity": 0.7,
        "fill": "#22c55e",
        "fill-opacity": 0.45
      }
    },
    {
      "type": "Feature",
      "geometry": {
        "type": "Polygon",
        "coordinates": [
          [
            [
              10.75,
              53.9
            ],
            [
              12.528,
              53.9
            ],
            [
              12.528,
              54.75
            ],
            [
              10.75,
              54.75
            ],
            [
              10.75,
              53.9
            ]
          ]
        ]
      },
      "properties": {
        "region": "L\u00fcbeck Bight",
        "category": "Forecast currents (tide + weather)",
        "provider": "BSH (Bundesamt f\u00fcr Seeschifffahrt und Hydrographie)",
        "description": "L\u00fcbeck Bight fine grid",
        "info_url": "https://www.bsh.de/EN/DATA/Predictions/Currents/Surface_currents_for_sailors/surface_currents_for_sailors_node.html",
        "stroke": "#22c55e",
        "stroke-width": 1,
        "stroke-opacity": 0.7,
        "fill": "#22c55e",
        "fill-opacity": 0.45
      }
    },
    {
      "type": "Feature",
      "geometry": {
        "type": "Polygon",
        "coordinates": [
          [
            [
              10.75,
              53.9
            ],
            [
              12.528,
              53.9
            ],
            [
              12.528,
              54.75
            ],
            [
              10.75,
              54.75
            ],
            [
              10.75,
              53.9
            ]
          ]
        ]
      },
      "properties": {
        "region": "L\u00fcbeck Bight",
        "category": "Forecast currents (tide + weather)",
        "provider": "BSH (Bundesamt f\u00fcr Seeschifffahrt und Hydrographie)",
        "description": "L\u00fcbeck Bight fine grid",
        "info_url": "https://www.bsh.de/EN/DATA/Predictions/Currents/Surface_currents_for_sailors/surface_currents_for_sailors_node.html",
        "stroke": "#22c55e",
        "stroke-width": 1,
        "stroke-opacity": 0.7,
        "fill": "#22c55e",
        "fill-opacity": 0.45
      }
    },
    {
      "type": "Feature",
      "geometry": {
        "type": "Polygon",
        "coordinates": [
          [
            [
              12.5,
              53.225
            ],
            [
              14.5,
              53.225
            ],
            [
              14.5,
              55.0
            ],
            [
              12.5,
              55.0
            ],
            [
              12.5,
              53.225
            ]
          ]
        ]
      },
      "properties": {
        "region": "Area around R\u00fcgen",
        "category": "Forecast currents (tide + weather)",
        "provider": "BSH (Bundesamt f\u00fcr Seeschifffahrt und Hydrographie)",
        "description": "Area around the Isle of R\u00fcgen fine grid",
        "info_url": "https://www.bsh.de/EN/DATA/Predictions/Currents/Surface_currents_for_sailors/surface_currents_for_sailors_node.html",
        "stroke": "#22c55e",
        "stroke-width": 1,
        "stroke-opacity": 0.7,
        "fill": "#22c55e",
        "fill-opacity": 0.45
      }
    },
    {
      "type": "Feature",
      "geometry": {
        "type": "Polygon",
        "coordinates": [
          [
            [
              12.5,
              53.225
            ],
            [
              14.5,
              53.225
            ],
            [
              14.5,
              55.0
            ],
            [
              12.5,
              55.0
            ],
            [
              12.5,
              53.225
            ]
          ]
        ]
      },
      "properties": {
        "region": "Area around R\u00fcgen",
        "category": "Forecast currents (tide + weather)",
        "provider": "BSH (Bundesamt f\u00fcr Seeschifffahrt und Hydrographie)",
        "description": "Area around the Isle of R\u00fcgen fine grid",
        "info_url": "https://www.bsh.de/EN/DATA/Predictions/Currents/Surface_currents_for_sailors/surface_currents_for_sailors_node.html",
        "stroke": "#22c55e",
        "stroke-width": 1,
        "stroke-opacity": 0.7,
        "fill": "#22c55e",
        "fill-opacity": 0.45
      }
    },
    {
      "type": "Feature",
      "geometry": {
        "type": "Polygon",
        "coordinates": [
          [
            [
              12.5,
              53.225
            ],
            [
              14.5,
              53.225
            ],
            [
              14.5,
              55.0
            ],
            [
              12.5,
              55.0
            ],
            [
              12.5,
              53.225
            ]
          ]
        ]
      },
      "properties": {
        "region": "Area around R\u00fcgen",
        "category": "Forecast currents (tide + weather)",
        "provider": "BSH (Bundesamt f\u00fcr Seeschifffahrt und Hydrographie)",
        "description": "Area around the Isle of R\u00fcgen fine grid",
        "info_url": "https://www.bsh.de/EN/DATA/Predictions/Currents/Surface_currents_for_sailors/surface_currents_for_sailors_node.html",
        "stroke": "#22c55e",
        "stroke-width": 1,
        "stroke-opacity": 0.7,
        "fill": "#22c55e",
        "fill-opacity": 0.45
      }
    },
    {
      "type": "Feature",
      "geometry": {
        "type": "Polygon",
        "coordinates": [
          [
            [
              12.167,
              56.1
            ],
            [
              13.097,
              56.1
            ],
            [
              13.097,
              56.3
            ],
            [
              12.167,
              56.3
            ],
            [
              12.167,
              56.1
            ]
          ]
        ]
      },
      "properties": {
        "region": "The Sound",
        "category": "Forecast currents (tide + weather)",
        "provider": "BSH (Bundesamt f\u00fcr Seeschifffahrt und Hydrographie)",
        "description": "The Sound (\u00d6resund) fine grid",
        "info_url": "https://www.bsh.de/EN/DATA/Predictions/Currents/Surface_currents_for_sailors/surface_currents_for_sailors_node.html",
        "stroke": "#22c55e",
        "stroke-width": 1,
        "stroke-opacity": 0.7,
        "fill": "#22c55e",
        "fill-opacity": 0.45
      }
    },
    {
      "type": "Feature",
      "geometry": {
        "type": "Polygon",
        "coordinates": [
          [
            [
              12.167,
              56.1
            ],
            [
              13.097,
              56.1
            ],
            [
              13.097,
              56.3
            ],
            [
              12.167,
              56.3
            ],
            [
              12.167,
              56.1
            ]
          ]
        ]
      },
      "properties": {
        "region": "The Sound",
        "category": "Forecast currents (tide + weather)",
        "provider": "BSH (Bundesamt f\u00fcr Seeschifffahrt und Hydrographie)",
        "description": "The Sound (\u00d6resund) fine grid",
        "info_url": "https://www.bsh.de/EN/DATA/Predictions/Currents/Surface_currents_for_sailors/surface_currents_for_sailors_node.html",
        "stroke": "#22c55e",
        "stroke-width": 1,
        "stroke-opacity": 0.7,
        "fill": "#22c55e",
        "fill-opacity": 0.45
      }
    },
    {
      "type": "Feature",
      "geometry": {
        "type": "Polygon",
        "coordinates": [
          [
            [
              12.167,
              56.1
            ],
            [
              13.097,
              56.1
            ],
            [
              13.097,
              56.3
            ],
            [
              12.167,
              56.3
            ],
            [
              12.167,
              56.1
            ]
          ]
        ]
      },
      "properties": {
        "region": "The Sound",
        "category": "Forecast currents (tide + weather)",
        "provider": "BSH (Bundesamt f\u00fcr Seeschifffahrt und Hydrographie)",
        "description": "The Sound (\u00d6resund) fine grid",
        "info_url": "https://www.bsh.de/EN/DATA/Predictions/Currents/Surface_currents_for_sailors/surface_currents_for_sailors_node.html",
        "stroke": "#22c55e",
        "stroke-width": 1,
        "stroke-opacity": 0.7,
        "fill": "#22c55e",
        "fill-opacity": 0.45
      }
    },
    {
      "type": "Feature",
      "geometry": {
        "type": "Polygon",
        "coordinates": [
          [
            [
              9.5,
              54.7
            ],
            [
              11.306,
              54.7
            ],
            [
              11.306,
              56.0
            ],
            [
              9.5,
              56.0
            ],
            [
              9.5,
              54.7
            ]
          ]
        ]
      },
      "properties": {
        "region": "The Belts",
        "category": "Forecast currents (tide + weather)",
        "provider": "BSH (Bundesamt f\u00fcr Seeschifffahrt und Hydrographie)",
        "description": "The Belts (Storeb\u00e6lt / Lilleb\u00e6lt) fine grid",
        "info_url": "https://www.bsh.de/EN/DATA/Predictions/Currents/Surface_currents_for_sailors/surface_currents_for_sailors_node.html",
        "stroke": "#22c55e",
        "stroke-width": 1,
        "stroke-opacity": 0.7,
        "fill": "#22c55e",
        "fill-opacity": 0.45
      }
    },
    {
      "type": "Feature",
      "geometry": {
        "type": "Polygon",
        "coordinates": [
          [
            [
              9.5,
              54.7
            ],
            [
              11.306,
              54.7
            ],
            [
              11.306,
              56.0
            ],
            [
              9.5,
              56.0
            ],
            [
              9.5,
              54.7
            ]
          ]
        ]
      },
      "properties": {
        "region": "The Belts",
        "category": "Forecast currents (tide + weather)",
        "provider": "BSH (Bundesamt f\u00fcr Seeschifffahrt und Hydrographie)",
        "description": "The Belts (Storeb\u00e6lt / Lilleb\u00e6lt) fine grid",
        "info_url": "https://www.bsh.de/EN/DATA/Predictions/Currents/Surface_currents_for_sailors/surface_currents_for_sailors_node.html",
        "stroke": "#22c55e",
        "stroke-width": 1,
        "stroke-opacity": 0.7,
        "fill": "#22c55e",
        "fill-opacity": 0.45
      }
    },
    {
      "type": "Feature",
      "geometry": {
        "type": "Polygon",
        "coordinates": [
          [
            [
              9.5,
              54.7
            ],
            [
              11.306,
              54.7
            ],
            [
              11.306,
              56.0
            ],
            [
              9.5,
              56.0
            ],
            [
              9.5,
              54.7
            ]
          ]
        ]
      },
      "properties": {
        "region": "The Belts",
        "category": "Forecast currents (tide + weather)",
        "provider": "BSH (Bundesamt f\u00fcr Seeschifffahrt und Hydrographie)",
        "description": "The Belts (Storeb\u00e6lt / Lilleb\u00e6lt) fine grid",
        "info_url": "https://www.bsh.de/EN/DATA/Predictions/Currents/Surface_currents_for_sailors/surface_currents_for_sailors_node.html",
        "stroke": "#22c55e",
        "stroke-width": 1,
        "stroke-opacity": 0.7,
        "fill": "#22c55e",
        "fill-opacity": 0.45
      }
    },
    {
      "type": "Feature",
      "geometry": {
        "type": "Polygon",
        "coordinates": [
          [
            [
              8.305,
              53.85
            ],
            [
              8.75,
              53.85
            ],
            [
              8.75,
              54.04
            ],
            [
              8.305,
              54.04
            ],
            [
              8.305,
              53.85
            ]
          ]
        ]
      },
      "properties": {
        "region": "Elbe: Outer Elbe to Altenbruch",
        "category": "Forecast currents (tide + weather)",
        "provider": "BSH (Bundesamt f\u00fcr Seeschifffahrt und Hydrographie)",
        "description": "Elbe river section from the Outer Elbe to Altenbruch, 90m grid",
        "info_url": "https://www.bsh.de/EN/DATA/Predictions/Currents/Surface_currents_for_sailors/surface_currents_for_sailors_node.html",
        "stroke": "#22c55e",
        "stroke-width": 1,
        "stroke-opacity": 0.7,
        "fill": "#22c55e",
        "fill-opacity": 0.45
      }
    },
    {
      "type": "Feature",
      "geometry": {
        "type": "Polygon",
        "coordinates": [
          [
            [
              8.305,
              53.85
            ],
            [
              8.75,
              53.85
            ],
            [
              8.75,
              54.04
            ],
            [
              8.305,
              54.04
            ],
            [
              8.305,
              53.85
            ]
          ]
        ]
      },
      "properties": {
        "region": "Elbe: Outer Elbe to Altenbruch",
        "category": "Forecast currents (tide + weather)",
        "provider": "BSH (Bundesamt f\u00fcr Seeschifffahrt und Hydrographie)",
        "description": "Elbe river section from the Outer Elbe to Altenbruch, 90m grid",
        "info_url": "https://www.bsh.de/EN/DATA/Predictions/Currents/Surface_currents_for_sailors/surface_currents_for_sailors_node.html",
        "stroke": "#22c55e",
        "stroke-width": 1,
        "stroke-opacity": 0.7,
        "fill": "#22c55e",
        "fill-opacity": 0.45
      }
    },
    {
      "type": "Feature",
      "geometry": {
        "type": "Polygon",
        "coordinates": [
          [
            [
              8.305,
              53.85
            ],
            [
              8.75,
              53.85
            ],
            [
              8.75,
              54.04
            ],
            [
              8.305,
              54.04
            ],
            [
              8.305,
              53.85
            ]
          ]
        ]
      },
      "properties": {
        "region": "Elbe: Outer Elbe to Altenbruch",
        "category": "Forecast currents (tide + weather)",
        "provider": "BSH (Bundesamt f\u00fcr Seeschifffahrt und Hydrographie)",
        "description": "Elbe river section from the Outer Elbe to Altenbruch, 90m grid",
        "info_url": "https://www.bsh.de/EN/DATA/Predictions/Currents/Surface_currents_for_sailors/surface_currents_for_sailors_node.html",
        "stroke": "#22c55e",
        "stroke-width": 1,
        "stroke-opacity": 0.7,
        "fill": "#22c55e",
        "fill-opacity": 0.45
      }
    },
    {
      "type": "Feature",
      "geometry": {
        "type": "Polygon",
        "coordinates": [
          [
            [
              8.68,
              53.82
            ],
            [
              9.25,
              53.82
            ],
            [
              9.25,
              53.95
            ],
            [
              8.68,
              53.95
            ],
            [
              8.68,
              53.82
            ]
          ]
        ]
      },
      "properties": {
        "region": "Elbe: Cuxhaven to Brunsb\u00fcttel",
        "category": "Forecast currents (tide + weather)",
        "provider": "BSH (Bundesamt f\u00fcr Seeschifffahrt und Hydrographie)",
        "description": "Elbe river section from Cuxhaven to Brunsb\u00fcttel, 90m grid",
        "info_url": "https://www.bsh.de/EN/DATA/Predictions/Currents/Surface_currents_for_sailors/surface_currents_for_sailors_node.html",
        "stroke": "#22c55e",
        "stroke-width": 1,
        "stroke-opacity": 0.7,
        "fill": "#22c55e",
        "fill-opacity": 0.45
      }
    },
    {
      "type": "Feature",
      "geometry": {
        "type": "Polygon",
        "coordinates": [
          [
            [
              8.68,
              53.82
            ],
            [
              9.25,
              53.82
            ],
            [
              9.25,
              53.95
            ],
            [
              8.68,
              53.95
            ],
            [
              8.68,
              53.82
            ]
          ]
        ]
      },
      "properties": {
        "region": "Elbe: Cuxhaven to Brunsb\u00fcttel",
        "category": "Forecast currents (tide + weather)",
        "provider": "BSH (Bundesamt f\u00fcr Seeschifffahrt und Hydrographie)",
        "description": "Elbe river section from Cuxhaven to Brunsb\u00fcttel, 90m grid",
        "info_url": "https://www.bsh.de/EN/DATA/Predictions/Currents/Surface_currents_for_sailors/surface_currents_for_sailors_node.html",
        "stroke": "#22c55e",
        "stroke-width": 1,
        "stroke-opacity": 0.7,
        "fill": "#22c55e",
        "fill-opacity": 0.45
      }
    },
    {
      "type": "Feature",
      "geometry": {
        "type": "Polygon",
        "coordinates": [
          [
            [
              8.68,
              53.82
            ],
            [
              9.25,
              53.82
            ],
            [
              9.25,
              53.95
            ],
            [
              8.68,
              53.95
            ],
            [
              8.68,
              53.82
            ]
          ]
        ]
      },
      "properties": {
        "region": "Elbe: Cuxhaven to Brunsb\u00fcttel",
        "category": "Forecast currents (tide + weather)",
        "provider": "BSH (Bundesamt f\u00fcr Seeschifffahrt und Hydrographie)",
        "description": "Elbe river section from Cuxhaven to Brunsb\u00fcttel, 90m grid",
        "info_url": "https://www.bsh.de/EN/DATA/Predictions/Currents/Surface_currents_for_sailors/surface_currents_for_sailors_node.html",
        "stroke": "#22c55e",
        "stroke-width": 1,
        "stroke-opacity": 0.7,
        "fill": "#22c55e",
        "fill-opacity": 0.45
      }
    },
    {
      "type": "Feature",
      "geometry": {
        "type": "Polygon",
        "coordinates": [
          [
            [
              9.2,
              53.65
            ],
            [
              9.583,
              53.65
            ],
            [
              9.583,
              53.9
            ],
            [
              9.2,
              53.9
            ],
            [
              9.2,
              53.65
            ]
          ]
        ]
      },
      "properties": {
        "region": "Elbe: Brunsb\u00fcttel to Pagensand",
        "category": "Forecast currents (tide + weather)",
        "provider": "BSH (Bundesamt f\u00fcr Seeschifffahrt und Hydrographie)",
        "description": "Elbe river section from Brunsb\u00fcttel to Pagensand, 90m grid",
        "info_url": "https://www.bsh.de/EN/DATA/Predictions/Currents/Surface_currents_for_sailors/surface_currents_for_sailors_node.html",
        "stroke": "#22c55e",
        "stroke-width": 1,
        "stroke-opacity": 0.7,
        "fill": "#22c55e",
        "fill-opacity": 0.45
      }
    },
    {
      "type": "Feature",
      "geometry": {
        "type": "Polygon",
        "coordinates": [
          [
            [
              9.2,
              53.65
            ],
            [
              9.583,
              53.65
            ],
            [
              9.583,
              53.9
            ],
            [
              9.2,
              53.9
            ],
            [
              9.2,
              53.65
            ]
          ]
        ]
      },
      "properties": {
        "region": "Elbe: Brunsb\u00fcttel to Pagensand",
        "category": "Forecast currents (tide + weather)",
        "provider": "BSH (Bundesamt f\u00fcr Seeschifffahrt und Hydrographie)",
        "description": "Elbe river section from Brunsb\u00fcttel to Pagensand, 90m grid",
        "info_url": "https://www.bsh.de/EN/DATA/Predictions/Currents/Surface_currents_for_sailors/surface_currents_for_sailors_node.html",
        "stroke": "#22c55e",
        "stroke-width": 1,
        "stroke-opacity": 0.7,
        "fill": "#22c55e",
        "fill-opacity": 0.45
      }
    },
    {
      "type": "Feature",
      "geometry": {
        "type": "Polygon",
        "coordinates": [
          [
            [
              9.2,
              53.65
            ],
            [
              9.583,
              53.65
            ],
            [
              9.583,
              53.9
            ],
            [
              9.2,
              53.9
            ],
            [
              9.2,
              53.65
            ]
          ]
        ]
      },
      "properties": {
        "region": "Elbe: Brunsb\u00fcttel to Pagensand",
        "category": "Forecast currents (tide + weather)",
        "provider": "BSH (Bundesamt f\u00fcr Seeschifffahrt und Hydrographie)",
        "description": "Elbe river section from Brunsb\u00fcttel to Pagensand, 90m grid",
        "info_url": "https://www.bsh.de/EN/DATA/Predictions/Currents/Surface_currents_for_sailors/surface_currents_for_sailors_node.html",
        "stroke": "#22c55e",
        "stroke-width": 1,
        "stroke-opacity": 0.7,
        "fill": "#22c55e",
        "fill-opacity": 0.45
      }
    },
    {
      "type": "Feature",
      "geometry": {
        "type": "Polygon",
        "coordinates": [
          [
            [
              9.3,
              53.5
            ],
            [
              9.9,
              53.5
            ],
            [
              9.9,
              53.7
            ],
            [
              9.3,
              53.7
            ],
            [
              9.3,
              53.5
            ]
          ]
        ]
      },
      "properties": {
        "region": "Elbe: Pagensand to Hamburg",
        "category": "Forecast currents (tide + weather)",
        "provider": "BSH (Bundesamt f\u00fcr Seeschifffahrt und Hydrographie)",
        "description": "Elbe river section from Pagensand to Hamburg, 90m grid",
        "info_url": "https://www.bsh.de/EN/DATA/Predictions/Currents/Surface_currents_for_sailors/surface_currents_for_sailors_node.html",
        "stroke": "#22c55e",
        "stroke-width": 1,
        "stroke-opacity": 0.7,
        "fill": "#22c55e",
        "fill-opacity": 0.45
      }
    },
    {
      "type": "Feature",
      "geometry": {
        "type": "Polygon",
        "coordinates": [
          [
            [
              9.3,
              53.5
            ],
            [
              9.9,
              53.5
            ],
            [
              9.9,
              53.7
            ],
            [
              9.3,
              53.7
            ],
            [
              9.3,
              53.5
            ]
          ]
        ]
      },
      "properties": {
        "region": "Elbe: Pagensand to Hamburg",
        "category": "Forecast currents (tide + weather)",
        "provider": "BSH (Bundesamt f\u00fcr Seeschifffahrt und Hydrographie)",
        "description": "Elbe river section from Pagensand to Hamburg, 90m grid",
        "info_url": "https://www.bsh.de/EN/DATA/Predictions/Currents/Surface_currents_for_sailors/surface_currents_for_sailors_node.html",
        "stroke": "#22c55e",
        "stroke-width": 1,
        "stroke-opacity": 0.7,
        "fill": "#22c55e",
        "fill-opacity": 0.45
      }
    },
    {
      "type": "Feature",
      "geometry": {
        "type": "Polygon",
        "coordinates": [
          [
            [
              9.3,
              53.5
            ],
            [
              9.9,
              53.5
            ],
            [
              9.9,
              53.7
            ],
            [
              9.3,
              53.7
            ],
            [
              9.3,
              53.5
            ]
          ]
        ]
      },
      "properties": {
        "region": "Elbe: Pagensand to Hamburg",
        "category": "Forecast currents (tide + weather)",
        "provider": "BSH (Bundesamt f\u00fcr Seeschifffahrt und Hydrographie)",
        "description": "Elbe river section from Pagensand to Hamburg, 90m grid",
        "info_url": "https://www.bsh.de/EN/DATA/Predictions/Currents/Surface_currents_for_sailors/surface_currents_for_sailors_node.html",
        "stroke": "#22c55e",
        "stroke-width": 1,
        "stroke-opacity": 0.7,
        "fill": "#22c55e",
        "fill-opacity": 0.45
      }
    },
    {
      "type": "Feature",
      "geometry": {
        "type": "Polygon",
        "coordinates": [
          [
            [
              -9.5,
              41.5
            ],
            [
              -8.0,
              41.5
            ],
            [
              -8.0,
              43.7
            ],
            [
              -9.5,
              43.7
            ],
            [
              -9.5,
              41.5
            ]
          ]
        ]
      },
      "properties": {
        "region": "NW Iberia / Galicia (Rias Baixas)",
        "category": "Forecast currents (tide + weather)",
        "provider": "Copernicus Marine Service / Mercator Ocean International",
        "description": "Surface current forecasts for the Galician coast and Rias Baixas (NW Spain).",
        "info_url": "https://data.marine.copernicus.eu/product/IBI_ANALYSISFORECAST_PHY_005_001/description",
        "stroke": "#22c55e",
        "stroke-width": 1,
        "stroke-opacity": 0.7,
        "fill": "#22c55e",
        "fill-opacity": 0.45
      }
    },
    {
      "type": "Feature",
      "geometry": {
        "type": "Polygon",
        "coordinates": [
          [
            [
              -4.5,
              43.0
            ],
            [
              -1.0,
              43.0
            ],
            [
              -1.0,
              47.0
            ],
            [
              -4.5,
              47.0
            ],
            [
              -4.5,
              43.0
            ]
          ]
        ]
      },
      "properties": {
        "region": "Bay of Biscay",
        "category": "Forecast currents (tide + weather)",
        "provider": "Copernicus Marine Service / Mercator Ocean International",
        "description": "Surface current forecasts for the Bay of Biscay, from the French Atlantic coast down through the Spanish Cantabrian coast (Bilbao/San Sebastian).",
        "info_url": "https://data.marine.copernicus.eu/product/IBI_ANALYSISFORECAST_PHY_005_001/description",
        "stroke": "#22c55e",
        "stroke-width": 1,
        "stroke-opacity": 0.7,
        "fill": "#22c55e",
        "fill-opacity": 0.45
      }
    },
    {
      "type": "Feature",
      "geometry": {
        "type": "Polygon",
        "coordinates": [
          [
            [
              -9.6,
              36.9
            ],
            [
              -6.7,
              36.9
            ],
            [
              -6.7,
              41.7
            ],
            [
              -9.6,
              41.7
            ],
            [
              -9.6,
              36.9
            ]
          ]
        ]
      },
      "properties": {
        "region": "Portugal (Atlantic Coast & Algarve)",
        "category": "Forecast currents (tide + weather)",
        "provider": "Copernicus Marine Service / Mercator Ocean International",
        "description": "Surface current forecasts for mainland Portugal, from the Minho/Galicia border down through Porto, Lisbon and the Algarve.",
        "info_url": "https://data.marine.copernicus.eu/product/IBI_ANALYSISFORECAST_PHY_005_001/description",
        "stroke": "#22c55e",
        "stroke-width": 1,
        "stroke-opacity": 0.7,
        "fill": "#22c55e",
        "fill-opacity": 0.45
      }
    },
    {
      "type": "Feature",
      "geometry": {
        "type": "Polygon",
        "coordinates": [
          [
            [
              -7.6,
              35.75
            ],
            [
              -5.3,
              35.75
            ],
            [
              -5.3,
              37.3
            ],
            [
              -7.6,
              37.3
            ],
            [
              -7.6,
              35.75
            ]
          ]
        ]
      },
      "properties": {
        "region": "Gulf of Cadiz & Gibraltar Strait",
        "category": "Forecast currents (tide + weather)",
        "provider": "Copernicus Marine Service / Mercator Ocean International",
        "description": "Surface current forecasts for the Gulf of Cadiz (Huelva, Cadiz) and the Strait of Gibraltar approach.",
        "info_url": "https://data.marine.copernicus.eu/product/IBI_ANALYSISFORECAST_PHY_005_001/description",
        "stroke": "#22c55e",
        "stroke-width": 1,
        "stroke-opacity": 0.7,
        "fill": "#22c55e",
        "fill-opacity": 0.45
      }
    },
    {
      "type": "Feature",
      "geometry": {
        "type": "Polygon",
        "coordinates": [
          [
            [
              -5.5,
              35.7
            ],
            [
              -1.0,
              35.7
            ],
            [
              -1.0,
              37.0
            ],
            [
              -5.5,
              37.0
            ],
            [
              -5.5,
              35.7
            ]
          ]
        ]
      },
      "properties": {
        "region": "Alboran Sea & Costa del Sol",
        "category": "Forecast currents (tide + weather)",
        "provider": "Copernicus Marine Service / CMCC (Italy)",
        "description": "Surface current forecasts for the Alboran Sea, from the Strait of Gibraltar through the Costa del Sol to Almeria.",
        "info_url": "https://data.marine.copernicus.eu/product/MEDSEA_ANALYSISFORECAST_PHY_006_013/description",
        "stroke": "#22c55e",
        "stroke-width": 1,
        "stroke-opacity": 0.7,
        "fill": "#22c55e",
        "fill-opacity": 0.45
      }
    },
    {
      "type": "Feature",
      "geometry": {
        "type": "Polygon",
        "coordinates": [
          [
            [
              -1.3,
              36.8
            ],
            [
              4.5,
              36.8
            ],
            [
              4.5,
              42.5
            ],
            [
              -1.3,
              42.5
            ],
            [
              -1.3,
              36.8
            ]
          ]
        ]
      },
      "properties": {
        "region": "Balearics, Costa Blanca & Costa Brava",
        "category": "Forecast currents (tide + weather)",
        "provider": "Copernicus Marine Service / CMCC (Italy)",
        "description": "Surface current forecasts for Spain's Mediterranean coast (Cartagena to the French border) and the Balearic Islands.",
        "info_url": "https://data.marine.copernicus.eu/product/MEDSEA_ANALYSISFORECAST_PHY_006_013/description",
        "stroke": "#22c55e",
        "stroke-width": 1,
        "stroke-opacity": 0.7,
        "fill": "#22c55e",
        "fill-opacity": 0.45
      }
    },
    {
      "type": "Feature",
      "geometry": {
        "type": "Polygon",
        "coordinates": [
          [
            [
              3.0,
              41.0
            ],
            [
              9.5,
              41.0
            ],
            [
              9.5,
              44.0
            ],
            [
              3.0,
              44.0
            ],
            [
              3.0,
              41.0
            ]
          ]
        ]
      },
      "properties": {
        "region": "Gulf of Lion & French Riviera",
        "category": "Forecast currents (tide + weather)",
        "provider": "Copernicus Marine Service / CMCC (Italy)",
        "description": "Surface current forecasts for the Gulf of Lion and the French Riviera, from the Spanish border to Monaco.",
        "info_url": "https://data.marine.copernicus.eu/product/MEDSEA_ANALYSISFORECAST_PHY_006_013/description",
        "stroke": "#22c55e",
        "stroke-width": 1,
        "stroke-opacity": 0.7,
        "fill": "#22c55e",
        "fill-opacity": 0.45
      }
    },
    {
      "type": "Feature",
      "geometry": {
        "type": "Polygon",
        "coordinates": [
          [
            [
              8.0,
              42.0
            ],
            [
              11.0,
              42.0
            ],
            [
              11.0,
              44.5
            ],
            [
              8.0,
              44.5
            ],
            [
              8.0,
              42.0
            ]
          ]
        ]
      },
      "properties": {
        "region": "Liguria & NW Italy",
        "category": "Forecast currents (tide + weather)",
        "provider": "Copernicus Marine Service / CMCC (Italy)",
        "description": "Surface current forecasts for the Ligurian coast, from Genoa through the Cinque Terre to Tuscany.",
        "info_url": "https://data.marine.copernicus.eu/product/MEDSEA_ANALYSISFORECAST_PHY_006_013/description",
        "stroke": "#22c55e",
        "stroke-width": 1,
        "stroke-opacity": 0.7,
        "fill": "#22c55e",
        "fill-opacity": 0.45
      }
    },
    {
      "type": "Feature",
      "geometry": {
        "type": "Polygon",
        "coordinates": [
          [
            [
              8.0,
              38.0
            ],
            [
              15.0,
              38.0
            ],
            [
              15.0,
              43.0
            ],
            [
              8.0,
              43.0
            ],
            [
              8.0,
              38.0
            ]
          ]
        ]
      },
      "properties": {
        "region": "Tyrrhenian Sea (Sardinia, Corsica & Naples)",
        "category": "Forecast currents (tide + weather)",
        "provider": "Copernicus Marine Service / CMCC (Italy)",
        "description": "Surface current forecasts for the Tyrrhenian Sea \u2014 Sardinia, Corsica's east coast, Rome/Civitavecchia and Naples.",
        "info_url": "https://data.marine.copernicus.eu/product/MEDSEA_ANALYSISFORECAST_PHY_006_013/description",
        "stroke": "#22c55e",
        "stroke-width": 1,
        "stroke-opacity": 0.7,
        "fill": "#22c55e",
        "fill-opacity": 0.45
      }
    },
    {
      "type": "Feature",
      "geometry": {
        "type": "Polygon",
        "coordinates": [
          [
            [
              10.5,
              35.5
            ],
            [
              16.0,
              35.5
            ],
            [
              16.0,
              38.5
            ],
            [
              10.5,
              38.5
            ],
            [
              10.5,
              35.5
            ]
          ]
        ]
      },
      "properties": {
        "region": "Sicily & Malta",
        "category": "Forecast currents (tide + weather)",
        "provider": "Copernicus Marine Service / CMCC (Italy)",
        "description": "Surface current forecasts for Sicily, Malta and the Sicilian Channel.",
        "info_url": "https://data.marine.copernicus.eu/product/MEDSEA_ANALYSISFORECAST_PHY_006_013/description",
        "stroke": "#22c55e",
        "stroke-width": 1,
        "stroke-opacity": 0.7,
        "fill": "#22c55e",
        "fill-opacity": 0.45
      }
    },
    {
      "type": "Feature",
      "geometry": {
        "type": "Polygon",
        "coordinates": [
          [
            [
              12.0,
              39.5
            ],
            [
              20.0,
              39.5
            ],
            [
              20.0,
              45.9
            ],
            [
              12.0,
              45.9
            ],
            [
              12.0,
              39.5
            ]
          ]
        ]
      },
      "properties": {
        "region": "Adriatic Sea",
        "category": "Forecast currents (tide + weather)",
        "provider": "Copernicus Marine Service / CMCC (Italy)",
        "description": "Surface current forecasts for the Adriatic Sea \u2014 Croatia, Montenegro, Albania, and Italy's east coast up to Venice.",
        "info_url": "https://data.marine.copernicus.eu/product/MEDSEA_ANALYSISFORECAST_PHY_006_013/description",
        "stroke": "#22c55e",
        "stroke-width": 1,
        "stroke-opacity": 0.7,
        "fill": "#22c55e",
        "fill-opacity": 0.45
      }
    },
    {
      "type": "Feature",
      "geometry": {
        "type": "Polygon",
        "coordinates": [
          [
            [
              15.5,
              36.0
            ],
            [
              22.3,
              36.0
            ],
            [
              22.3,
              40.0
            ],
            [
              15.5,
              40.0
            ],
            [
              15.5,
              36.0
            ]
          ]
        ]
      },
      "properties": {
        "region": "Ionian Sea (Western Greece & Puglia)",
        "category": "Forecast currents (tide + weather)",
        "provider": "Copernicus Marine Service / CMCC (Italy)",
        "description": "Surface current forecasts for the Ionian Sea \u2014 western Greece (Corfu, Zakynthos) and Italy's Puglia/heel.",
        "info_url": "https://data.marine.copernicus.eu/product/MEDSEA_ANALYSISFORECAST_PHY_006_013/description",
        "stroke": "#22c55e",
        "stroke-width": 1,
        "stroke-opacity": 0.7,
        "fill": "#22c55e",
        "fill-opacity": 0.45
      }
    },
    {
      "type": "Feature",
      "geometry": {
        "type": "Polygon",
        "coordinates": [
          [
            [
              21.8,
              34.5
            ],
            [
              28.5,
              34.5
            ],
            [
              28.5,
              41.0
            ],
            [
              21.8,
              41.0
            ],
            [
              21.8,
              34.5
            ]
          ]
        ]
      },
      "properties": {
        "region": "Aegean Sea",
        "category": "Forecast currents (tide + weather)",
        "provider": "Copernicus Marine Service / CMCC (Italy)",
        "description": "Surface current forecasts for the Aegean Sea \u2014 the Cyclades, Dodecanese, Crete and Athens.",
        "info_url": "https://data.marine.copernicus.eu/product/MEDSEA_ANALYSISFORECAST_PHY_006_013/description",
        "stroke": "#22c55e",
        "stroke-width": 1,
        "stroke-opacity": 0.7,
        "fill": "#22c55e",
        "fill-opacity": 0.45
      }
    },
    {
      "type": "Feature",
      "geometry": {
        "type": "Polygon",
        "coordinates": [
          [
            [
              26.0,
              34.0
            ],
            [
              36.2,
              34.0
            ],
            [
              36.2,
              40.5
            ],
            [
              26.0,
              40.5
            ],
            [
              26.0,
              34.0
            ]
          ]
        ]
      },
      "properties": {
        "region": "Turkish Coast & Eastern Mediterranean",
        "category": "Forecast currents (tide + weather)",
        "provider": "Copernicus Marine Service / CMCC (Italy)",
        "description": "Surface current forecasts for the Turkish Aegean/Mediterranean coast and Cyprus.",
        "info_url": "https://data.marine.copernicus.eu/product/MEDSEA_ANALYSISFORECAST_PHY_006_013/description",
        "stroke": "#22c55e",
        "stroke-width": 1,
        "stroke-opacity": 0.7,
        "fill": "#22c55e",
        "fill-opacity": 0.45
      }
    },
    {
      "type": "Feature",
      "geometry": {
        "type": "Polygon",
        "coordinates": [
          [
            [
              -5.5,
              48.3
            ],
            [
              -2.8,
              48.3
            ],
            [
              -2.8,
              51.3
            ],
            [
              -5.5,
              51.3
            ],
            [
              -5.5,
              48.3
            ]
          ]
        ]
      },
      "properties": {
        "region": "Western Channel & Scillies",
        "category": "Forecast currents (tide + weather)",
        "provider": "Copernicus Marine Service / Met Office (UK) / NWS-MFC",
        "description": "Surface current forecasts for the western English Channel, from Ushant/Brest and the Isles of Scilly through Plymouth and Falmouth.",
        "info_url": "https://data.marine.copernicus.eu/product/NWSHELF_ANALYSISFORECAST_PHY_004_013/description",
        "stroke": "#22c55e",
        "stroke-width": 1,
        "stroke-opacity": 0.7,
        "fill": "#22c55e",
        "fill-opacity": 0.45
      }
    },
    {
      "type": "Feature",
      "geometry": {
        "type": "Polygon",
        "coordinates": [
          [
            [
              -3.0,
              49.5
            ],
            [
              -0.8,
              49.5
            ],
            [
              -0.8,
              51.3
            ],
            [
              -3.0,
              51.3
            ],
            [
              -3.0,
              49.5
            ]
          ]
        ]
      },
      "properties": {
        "region": "Solent & Central Channel",
        "category": "Forecast currents (tide + weather)",
        "provider": "Copernicus Marine Service / Met Office (UK) / NWS-MFC",
        "description": "Surface current forecasts for the Solent, Poole, Portland, Cherbourg and the Channel Islands.",
        "info_url": "https://data.marine.copernicus.eu/product/NWSHELF_ANALYSISFORECAST_PHY_004_013/description",
        "stroke": "#22c55e",
        "stroke-width": 1,
        "stroke-opacity": 0.7,
        "fill": "#22c55e",
        "fill-opacity": 0.45
      }
    },
    {
      "type": "Feature",
      "geometry": {
        "type": "Polygon",
        "coordinates": [
          [
            [
              -1.0,
              49.5
            ],
            [
              2.0,
              49.5
            ],
            [
              2.0,
              51.3
            ],
            [
              -1.0,
              51.3
            ],
            [
              -1.0,
              49.5
            ]
          ]
        ]
      },
      "properties": {
        "region": "Dover Strait & Eastern Channel",
        "category": "Forecast currents (tide + weather)",
        "provider": "Copernicus Marine Service / Met Office (UK) / NWS-MFC",
        "description": "Surface current forecasts for the eastern English Channel and Dover Strait, from Brighton and Boulogne to Calais and Dover.",
        "info_url": "https://data.marine.copernicus.eu/product/NWSHELF_ANALYSISFORECAST_PHY_004_013/description",
        "stroke": "#22c55e",
        "stroke-width": 1,
        "stroke-opacity": 0.7,
        "fill": "#22c55e",
        "fill-opacity": 0.45
      }
    },
    {
      "type": "Feature",
      "geometry": {
        "type": "Polygon",
        "coordinates": [
          [
            [
              -6.5,
              51.1
            ],
            [
              -2.5,
              51.1
            ],
            [
              -2.5,
              55.5
            ],
            [
              -6.5,
              55.5
            ],
            [
              -6.5,
              51.1
            ]
          ]
        ]
      },
      "properties": {
        "region": "Irish Sea, Bristol Channel & North Channel",
        "category": "Forecast currents (tide + weather)",
        "provider": "Copernicus Marine Service / Met Office (UK) / NWS-MFC",
        "description": "Surface current forecasts for the Irish Sea, Bristol Channel, Wales, the Isle of Man and NW England.",
        "info_url": "https://data.marine.copernicus.eu/product/NWSHELF_ANALYSISFORECAST_PHY_004_013/description",
        "stroke": "#22c55e",
        "stroke-width": 1,
        "stroke-opacity": 0.7,
        "fill": "#22c55e",
        "fill-opacity": 0.45
      }
    },
    {
      "type": "Feature",
      "geometry": {
        "type": "Polygon",
        "coordinates": [
          [
            [
              -11.2,
              51.0
            ],
            [
              -6.3,
              51.0
            ],
            [
              -6.3,
              53.2
            ],
            [
              -11.2,
              53.2
            ],
            [
              -11.2,
              51.0
            ]
          ]
        ]
      },
      "properties": {
        "region": "South Ireland (Cork, Kerry & Shannon)",
        "category": "Forecast currents (tide + weather)",
        "provider": "Copernicus Marine Service / Met Office (UK) / NWS-MFC",
        "description": "Surface current forecasts for the south coast of Ireland, from Cork and Kinsale through Kerry and the Shannon Estuary.",
        "info_url": "https://data.marine.copernicus.eu/product/NWSHELF_ANALYSISFORECAST_PHY_004_013/description",
        "stroke": "#22c55e",
        "stroke-width": 1,
        "stroke-opacity": 0.7,
        "fill": "#22c55e",
        "fill-opacity": 0.45
      }
    },
    {
      "type": "Feature",
      "geometry": {
        "type": "Polygon",
        "coordinates": [
          [
            [
              -11.2,
              53.2
            ],
            [
              -6.3,
              53.2
            ],
            [
              -6.3,
              55.5
            ],
            [
              -11.2,
              55.5
            ],
            [
              -11.2,
              53.2
            ]
          ]
        ]
      },
      "properties": {
        "region": "West & Northwest Ireland (Galway & Donegal)",
        "category": "Forecast currents (tide + weather)",
        "provider": "Copernicus Marine Service / Met Office (UK) / NWS-MFC",
        "description": "Surface current forecasts for the west and northwest coasts of Ireland, from Galway Bay through Donegal.",
        "info_url": "https://data.marine.copernicus.eu/product/NWSHELF_ANALYSISFORECAST_PHY_004_013/description",
        "stroke": "#22c55e",
        "stroke-width": 1,
        "stroke-opacity": 0.7,
        "fill": "#22c55e",
        "fill-opacity": 0.45
      }
    },
    {
      "type": "Feature",
      "geometry": {
        "type": "Polygon",
        "coordinates": [
          [
            [
              -8.0,
              54.9
            ],
            [
              -4.3,
              54.9
            ],
            [
              -4.3,
              57.2
            ],
            [
              -8.0,
              57.2
            ],
            [
              -8.0,
              54.9
            ]
          ]
        ]
      },
      "properties": {
        "region": "Firth of Clyde & Southern Hebrides",
        "category": "Forecast currents (tide + weather)",
        "provider": "Copernicus Marine Service / Met Office (UK) / NWS-MFC",
        "description": "Surface current forecasts for the Firth of Clyde, Kintyre, Islay, Jura and the southern Hebrides.",
        "info_url": "https://data.marine.copernicus.eu/product/NWSHELF_ANALYSISFORECAST_PHY_004_013/description",
        "stroke": "#22c55e",
        "stroke-width": 1,
        "stroke-opacity": 0.7,
        "fill": "#22c55e",
        "fill-opacity": 0.45
      }
    },
    {
      "type": "Feature",
      "geometry": {
        "type": "Polygon",
        "coordinates": [
          [
            [
              -8.0,
              57.0
            ],
            [
              -4.3,
              57.0
            ],
            [
              -4.3,
              59.5
            ],
            [
              -8.0,
              59.5
            ],
            [
              -8.0,
              57.0
            ]
          ]
        ]
      },
      "properties": {
        "region": "Northern Hebrides & NW Scotland",
        "category": "Forecast currents (tide + weather)",
        "provider": "Copernicus Marine Service / Met Office (UK) / NWS-MFC",
        "description": "Surface current forecasts for the Minches, the northern Hebrides (Skye, Lewis, Harris) and the NW Scottish mainland coast.",
        "info_url": "https://data.marine.copernicus.eu/product/NWSHELF_ANALYSISFORECAST_PHY_004_013/description",
        "stroke": "#22c55e",
        "stroke-width": 1,
        "stroke-opacity": 0.7,
        "fill": "#22c55e",
        "fill-opacity": 0.45
      }
    },
    {
      "type": "Feature",
      "geometry": {
        "type": "Polygon",
        "coordinates": [
          [
            [
              -2.2,
              51.0
            ],
            [
              2.2,
              51.0
            ],
            [
              2.2,
              53.3
            ],
            [
              -2.2,
              53.3
            ],
            [
              -2.2,
              51.0
            ]
          ]
        ]
      },
      "properties": {
        "region": "Thames Estuary & East Anglia",
        "category": "Forecast currents (tide + weather)",
        "provider": "Copernicus Marine Service / Met Office (UK) / NWS-MFC",
        "description": "Surface current forecasts for the Thames Estuary, Kent, Essex and East Anglia.",
        "info_url": "https://data.marine.copernicus.eu/product/NWSHELF_ANALYSISFORECAST_PHY_004_013/description",
        "stroke": "#22c55e",
        "stroke-width": 1,
        "stroke-opacity": 0.7,
        "fill": "#22c55e",
        "fill-opacity": 0.45
      }
    },
    {
      "type": "Feature",
      "geometry": {
        "type": "Polygon",
        "coordinates": [
          [
            [
              -2.2,
              53.1
            ],
            [
              0.3,
              53.1
            ],
            [
              0.3,
              56.0
            ],
            [
              -2.2,
              56.0
            ],
            [
              -2.2,
              53.1
            ]
          ]
        ]
      },
      "properties": {
        "region": "NE England (Humber to Northumberland)",
        "category": "Forecast currents (tide + weather)",
        "provider": "Copernicus Marine Service / Met Office (UK) / NWS-MFC",
        "description": "Surface current forecasts for NE England, from the Humber Estuary through Yorkshire and Northumberland.",
        "info_url": "https://data.marine.copernicus.eu/product/NWSHELF_ANALYSISFORECAST_PHY_004_013/description",
        "stroke": "#22c55e",
        "stroke-width": 1,
        "stroke-opacity": 0.7,
        "fill": "#22c55e",
        "fill-opacity": 0.45
      }
    },
    {
      "type": "Feature",
      "geometry": {
        "type": "Polygon",
        "coordinates": [
          [
            [
              -2.5,
              55.8
            ],
            [
              0.3,
              55.8
            ],
            [
              0.3,
              59.0
            ],
            [
              -2.5,
              59.0
            ],
            [
              -2.5,
              55.8
            ]
          ]
        ]
      },
      "properties": {
        "region": "East Scotland & Firth of Forth",
        "category": "Forecast currents (tide + weather)",
        "provider": "Copernicus Marine Service / Met Office (UK) / NWS-MFC",
        "description": "Surface current forecasts for the east coast of Scotland, from the Firth of Forth through Aberdeen to the Moray Firth.",
        "info_url": "https://data.marine.copernicus.eu/product/NWSHELF_ANALYSISFORECAST_PHY_004_013/description",
        "stroke": "#22c55e",
        "stroke-width": 1,
        "stroke-opacity": 0.7,
        "fill": "#22c55e",
        "fill-opacity": 0.45
      }
    },
    {
      "type": "Feature",
      "geometry": {
        "type": "Polygon",
        "coordinates": [
          [
            [
              -4.5,
              58.3
            ],
            [
              -0.5,
              58.3
            ],
            [
              -0.5,
              61.0
            ],
            [
              -4.5,
              61.0
            ],
            [
              -4.5,
              58.3
            ]
          ]
        ]
      },
      "properties": {
        "region": "Orkney, Shetland & Pentland Firth",
        "category": "Forecast currents (tide + weather)",
        "provider": "Copernicus Marine Service / Met Office (UK) / NWS-MFC",
        "description": "Surface current forecasts for Orkney, Shetland, the Pentland Firth and the far north Scottish mainland coast.",
        "info_url": "https://data.marine.copernicus.eu/product/NWSHELF_ANALYSISFORECAST_PHY_004_013/description",
        "stroke": "#22c55e",
        "stroke-width": 1,
        "stroke-opacity": 0.7,
        "fill": "#22c55e",
        "fill-opacity": 0.45
      }
    },
    {
      "type": "Feature",
      "geometry": {
        "type": "Polygon",
        "coordinates": [
          [
            [
              -123.1,
              37.4
            ],
            [
              -121.6,
              37.4
            ],
            [
              -121.6,
              38.3
            ],
            [
              -123.1,
              38.3
            ],
            [
              -123.1,
              37.4
            ]
          ]
        ]
      },
      "properties": {
        "region": "San Francisco Bay Operational Forecast System",
        "category": "Forecast currents (tide + weather)",
        "provider": "NOAA National Ocean Service (NOS)",
        "description": "Surface current forecasts for San Francisco Bay.",
        "info_url": "https://tidesandcurrents.noaa.gov/ofs/",
        "stroke": "#22c55e",
        "stroke-width": 1,
        "stroke-opacity": 0.7,
        "fill": "#22c55e",
        "fill-opacity": 0.45
      }
    },
    {
      "type": "Feature",
      "geometry": {
        "type": "Polygon",
        "coordinates": [
          [
            [
              -77.4,
              36.1
            ],
            [
              -74.7,
              36.1
            ],
            [
              -74.7,
              39.7
            ],
            [
              -77.4,
              39.7
            ],
            [
              -77.4,
              36.1
            ]
          ]
        ]
      },
      "properties": {
        "region": "Chesapeake Bay Operational Forecast System",
        "category": "Forecast currents (tide + weather)",
        "provider": "NOAA National Ocean Service (NOS)",
        "description": "Surface current forecasts for Chesapeake Bay.",
        "info_url": "https://tidesandcurrents.noaa.gov/ofs/",
        "stroke": "#22c55e",
        "stroke-width": 1,
        "stroke-opacity": 0.7,
        "fill": "#22c55e",
        "fill-opacity": 0.45
      }
    },
    {
      "type": "Feature",
      "geometry": {
        "type": "Polygon",
        "coordinates": [
          [
            [
              -97.9,
              21.7
            ],
            [
              -85.7,
              21.7
            ],
            [
              -85.7,
              30.9
            ],
            [
              -97.9,
              30.9
            ],
            [
              -97.9,
              21.7
            ]
          ]
        ]
      },
      "properties": {
        "region": "Northern Gulf Of Mexico Operational Forecast System",
        "category": "Forecast currents (tide + weather)",
        "provider": "NOAA National Ocean Service (NOS)",
        "description": "Surface current forecasts for the northern Gulf of Mexico.",
        "info_url": "https://tidesandcurrents.noaa.gov/ofs/",
        "stroke": "#22c55e",
        "stroke-width": 1,
        "stroke-opacity": 0.7,
        "fill": "#22c55e",
        "fill-opacity": 0.45
      }
    },
    {
      "type": "Feature",
      "geometry": {
        "type": "Polygon",
        "coordinates": [
          [
            [
              -129.6,
              44.3
            ],
            [
              -121.9,
              44.3
            ],
            [
              -121.9,
              52.2
            ],
            [
              -129.6,
              52.2
            ],
            [
              -129.6,
              44.3
            ]
          ]
        ]
      },
      "properties": {
        "region": "Salish Sea and Columbia River Operational Forecast System",
        "category": "Forecast currents (tide + weather)",
        "provider": "NOAA National Ocean Service (NOS)",
        "description": "Surface current forecasts for the Salish Sea (Puget Sound, Strait of Juan de Fuca) and the Columbia River, extending along the Washington and Oregon coast.",
        "info_url": "https://tidesandcurrents.noaa.gov/ofs/",
        "stroke": "#22c55e",
        "stroke-width": 1,
        "stroke-opacity": 0.7,
        "fill": "#22c55e",
        "fill-opacity": 0.45
      }
    },
    {
      "type": "Feature",
      "geometry": {
        "type": "Polygon",
        "coordinates": [
          [
            [
              -145.4,
              18.4
            ],
            [
              -112.0,
              18.4
            ],
            [
              -112.0,
              55.8
            ],
            [
              -145.4,
              55.8
            ],
            [
              -145.4,
              18.4
            ]
          ]
        ]
      },
      "properties": {
        "region": "West Coast Operational Forecast System",
        "category": "Forecast currents (tide + weather)",
        "provider": "NOAA National Ocean Service (NOS)",
        "description": "Surface current forecasts for the U.S. West Coast.",
        "info_url": "https://tidesandcurrents.noaa.gov/ofs/",
        "stroke": "#22c55e",
        "stroke-width": 1,
        "stroke-opacity": 0.7,
        "fill": "#22c55e",
        "fill-opacity": 0.45
      }
    },
    {
      "type": "Feature",
      "geometry": {
        "type": "Polygon",
        "coordinates": [
          [
            [
              -71.9,
              38.5
            ],
            [
              -61.2,
              38.5
            ],
            [
              -61.2,
              45.9
            ],
            [
              -71.9,
              45.9
            ],
            [
              -71.9,
              38.5
            ]
          ]
        ]
      },
      "properties": {
        "region": "Gulf of Maine Operational Forecast System",
        "category": "Forecast currents (tide + weather)",
        "provider": "NOAA National Ocean Service (NOS)",
        "description": "Surface current forecasts for the Gulf of Maine.",
        "info_url": "https://tidesandcurrents.noaa.gov/ofs/",
        "stroke": "#22c55e",
        "stroke-width": 1,
        "stroke-opacity": 0.7,
        "fill": "#22c55e",
        "fill-opacity": 0.45
      }
    },
    {
      "type": "Feature",
      "geometry": {
        "type": "Polygon",
        "coordinates": [
          [
            [
              -75.9,
              37.7
            ],
            [
              -73.2,
              37.7
            ],
            [
              -73.2,
              40.3
            ],
            [
              -75.9,
              40.3
            ],
            [
              -75.9,
              37.7
            ]
          ]
        ]
      },
      "properties": {
        "region": "Delaware Bay Operational Forecast System",
        "category": "Forecast currents (tide + weather)",
        "provider": "NOAA National Ocean Service (NOS)",
        "description": "Surface current forecasts for Delaware Bay.",
        "info_url": "https://tidesandcurrents.noaa.gov/ofs/",
        "stroke": "#22c55e",
        "stroke-width": 1,
        "stroke-opacity": 0.7,
        "fill": "#22c55e",
        "fill-opacity": 0.45
      }
    },
    {
      "type": "Feature",
      "geometry": {
        "type": "Polygon",
        "coordinates": [
          [
            [
              -83.2,
              27.0
            ],
            [
              -82.3,
              27.0
            ],
            [
              -82.3,
              28.1
            ],
            [
              -83.2,
              28.1
            ],
            [
              -83.2,
              27.0
            ]
          ]
        ]
      },
      "properties": {
        "region": "Tampa Bay Operational Forecast System",
        "category": "Forecast currents (tide + weather)",
        "provider": "NOAA National Ocean Service (NOS)",
        "description": "Surface current forecasts for Tampa Bay.",
        "info_url": "https://tidesandcurrents.noaa.gov/ofs/",
        "stroke": "#22c55e",
        "stroke-width": 1,
        "stroke-opacity": 0.7,
        "fill": "#22c55e",
        "fill-opacity": 0.45
      }
    },
    {
      "type": "Feature",
      "geometry": {
        "type": "Polygon",
        "coordinates": [
          [
            [
              -156.3,
              56.6
            ],
            [
              -148.9,
              56.6
            ],
            [
              -148.9,
              61.6
            ],
            [
              -156.3,
              61.6
            ],
            [
              -156.3,
              56.6
            ]
          ]
        ]
      },
      "properties": {
        "region": "Cook Inlet Operational Forecast System",
        "category": "Forecast currents (tide + weather)",
        "provider": "NOAA National Ocean Service (NOS)",
        "description": "Surface current forecasts for Cook Inlet, Alaska.",
        "info_url": "https://tidesandcurrents.noaa.gov/ofs/",
        "stroke": "#22c55e",
        "stroke-width": 1,
        "stroke-opacity": 0.7,
        "fill": "#22c55e",
        "fill-opacity": 0.45
      }
    },
    {
      "type": "Feature",
      "geometry": {
        "type": "Polygon",
        "coordinates": [
          [
            [
              -83.5,
              41.3
            ],
            [
              -78.8,
              41.3
            ],
            [
              -78.8,
              43.0
            ],
            [
              -83.5,
              43.0
            ],
            [
              -83.5,
              41.3
            ]
          ]
        ]
      },
      "properties": {
        "region": "Lake Erie Operational Forecast System",
        "category": "Forecast currents (tide + weather)",
        "provider": "NOAA National Ocean Service (NOS)",
        "description": "Surface current forecasts for Lake Erie.",
        "info_url": "https://tidesandcurrents.noaa.gov/ofs/",
        "stroke": "#22c55e",
        "stroke-width": 1,
        "stroke-opacity": 0.7,
        "fill": "#22c55e",
        "fill-opacity": 0.45
      }
    },
    {
      "type": "Feature",
      "geometry": {
        "type": "Polygon",
        "coordinates": [
          [
            [
              -88.1,
              41.6
            ],
            [
              -79.7,
              41.6
            ],
            [
              -79.7,
              46.4
            ],
            [
              -88.1,
              46.4
            ],
            [
              -88.1,
              41.6
            ]
          ]
        ]
      },
      "properties": {
        "region": "Lake Michigan-Huron Operational Forecast System",
        "category": "Forecast currents (tide + weather)",
        "provider": "NOAA National Ocean Service (NOS)",
        "description": "Surface current forecasts for Lake Michigan and Lake Huron.",
        "info_url": "https://tidesandcurrents.noaa.gov/ofs/",
        "stroke": "#22c55e",
        "stroke-width": 1,
        "stroke-opacity": 0.7,
        "fill": "#22c55e",
        "fill-opacity": 0.45
      }
    },
    {
      "type": "Feature",
      "geometry": {
        "type": "Polygon",
        "coordinates": [
          [
            [
              -79.9,
              43.1
            ],
            [
              -76.0,
              43.1
            ],
            [
              -76.0,
              44.3
            ],
            [
              -79.9,
              44.3
            ],
            [
              -79.9,
              43.1
            ]
          ]
        ]
      },
      "properties": {
        "region": "Lake Ontario Operational Forecast System",
        "category": "Forecast currents (tide + weather)",
        "provider": "NOAA National Ocean Service (NOS)",
        "description": "Surface current forecasts for Lake Ontario.",
        "info_url": "https://tidesandcurrents.noaa.gov/ofs/",
        "stroke": "#22c55e",
        "stroke-width": 1,
        "stroke-opacity": 0.7,
        "fill": "#22c55e",
        "fill-opacity": 0.45
      }
    },
    {
      "type": "Feature",
      "geometry": {
        "type": "Polygon",
        "coordinates": [
          [
            [
              -92.2,
              46.3
            ],
            [
              -84.3,
              46.3
            ],
            [
              -84.3,
              49.1
            ],
            [
              -92.2,
              49.1
            ],
            [
              -92.2,
              46.3
            ]
          ]
        ]
      },
      "properties": {
        "region": "Lake Superior Operational Forecast System",
        "category": "Forecast currents (tide + weather)",
        "provider": "NOAA National Ocean Service (NOS)",
        "description": "Surface current forecasts for Lake Superior.",
        "info_url": "https://tidesandcurrents.noaa.gov/ofs/",
        "stroke": "#22c55e",
        "stroke-width": 1,
        "stroke-opacity": 0.7,
        "fill": "#22c55e",
        "fill-opacity": 0.45
      }
    },
    {
      "type": "Feature",
      "geometry": {
        "type": "Polygon",
        "coordinates": [
          [
            [
              -74.4,
              40.4
            ],
            [
              -73.7,
              40.4
            ],
            [
              -73.7,
              41.0
            ],
            [
              -74.4,
              41.0
            ],
            [
              -74.4,
              40.4
            ]
          ]
        ]
      },
      "properties": {
        "region": "New York Harbor Operational Forecast System",
        "category": "Forecast currents (tide + weather)",
        "provider": "NOAA National Ocean Service (NOS)",
        "description": "Surface current forecasts for New York Harbor and the East River (including Hell Gate).",
        "info_url": "https://tidesandcurrents.noaa.gov/ofs/",
        "stroke": "#22c55e",
        "stroke-width": 1,
        "stroke-opacity": 0.7,
        "fill": "#22c55e",
        "fill-opacity": 0.45
      }
    },
    {
      "type": "Feature",
      "geometry": {
        "type": "Polygon",
        "coordinates": [
          [
            [
              -81.8,
              29.5
            ],
            [
              -81.3,
              29.5
            ],
            [
              -81.3,
              30.5
            ],
            [
              -81.8,
              30.5
            ],
            [
              -81.8,
              29.5
            ]
          ]
        ]
      },
      "properties": {
        "region": "St. Johns River Operational Forecast System",
        "category": "Forecast currents (tide + weather)",
        "provider": "NOAA National Ocean Service (NOS)",
        "description": "Surface current forecasts for the St. Johns River, Florida.",
        "info_url": "https://tidesandcurrents.noaa.gov/ofs/",
        "stroke": "#22c55e",
        "stroke-width": 1,
        "stroke-opacity": 0.7,
        "fill": "#22c55e",
        "fill-opacity": 0.45
      }
    }
  ]
}